{
	"ImportPath": "k8s.io/kubernetes",
	"GoVersion": "go1.8",
	"GodepVersion": "v79",
	"Packages": [
		"github.com/onsi/ginkgo/ginkgo",
		"github.com/jteeuwen/go-bindata/go-bindata",
		"./..."
	],
	"Deps": [
		{
			"ImportPath": "bitbucket.org/bertimus9/systemstat",
			"Rev": "1468fd0db20598383c9393cccaa547de6ad99e5e"
		},
		{
			"ImportPath": "bitbucket.org/ww/goautoneg",
			"Comment": "null-5",
			"Rev": "75cd24fc2f2c2a2088577d12123ddee5f54e0675"
		},
		{
			"ImportPath": "cloud.google.com/go/compute/metadata",
			"Comment": "v0.1.0-115-g3b1ae45",
			"Rev": "3b1ae45394a234c385be014e9a488f2bb6eef821"
		},
		{
			"ImportPath": "cloud.google.com/go/internal",
			"Comment": "v0.1.0-115-g3b1ae45",
			"Rev": "3b1ae45394a234c385be014e9a488f2bb6eef821"
		},
		{
			"ImportPath": "github.com/Azure/azure-sdk-for-go/arm/compute",
			"Comment": "v10.0.4-beta-1-g786cc841",
			"Rev": "786cc84138518bf7fd6d60e92fad1ac9d1a117ad"
		},
		{
			"ImportPath": "github.com/Azure/azure-sdk-for-go/arm/containerregistry",
			"Comment": "v10.0.4-beta-1-g786cc841",
			"Rev": "786cc84138518bf7fd6d60e92fad1ac9d1a117ad"
		},
		{
			"ImportPath": "github.com/Azure/azure-sdk-for-go/arm/disk",
			"Comment": "v10.0.4-beta-1-g786cc841",
			"Rev": "786cc84138518bf7fd6d60e92fad1ac9d1a117ad"
		},
		{
			"ImportPath": "github.com/Azure/azure-sdk-for-go/arm/network",
			"Comment": "v10.0.4-beta-1-g786cc841",
			"Rev": "786cc84138518bf7fd6d60e92fad1ac9d1a117ad"
		},
		{
			"ImportPath": "github.com/Azure/azure-sdk-for-go/arm/storage",
			"Comment": "v10.0.4-beta-1-g786cc841",
			"Rev": "786cc84138518bf7fd6d60e92fad1ac9d1a117ad"
		},
		{
			"ImportPath": "github.com/Azure/azure-sdk-for-go/storage",
			"Comment": "v10.0.4-beta-1-g786cc841",
			"Rev": "786cc84138518bf7fd6d60e92fad1ac9d1a117ad"
		},
		{
			"ImportPath": "github.com/Azure/go-ansiterm",
			"Rev": "19f72df4d05d31cbe1c56bfc8045c96babff6c7e"
		},
		{
			"ImportPath": "github.com/Azure/go-ansiterm/winterm",
			"Rev": "19f72df4d05d31cbe1c56bfc8045c96babff6c7e"
		},
		{
			"ImportPath": "github.com/Azure/go-autorest/autorest",
			"Comment": "v8.0.0",
			"Rev": "58f6f26e200fa5dfb40c9cd1c83f3e2c860d779d"
		},
		{
			"ImportPath": "github.com/Azure/go-autorest/autorest/adal",
			"Comment": "v8.0.0",
			"Rev": "58f6f26e200fa5dfb40c9cd1c83f3e2c860d779d"
		},
		{
			"ImportPath": "github.com/Azure/go-autorest/autorest/azure",
			"Comment": "v8.0.0",
			"Rev": "58f6f26e200fa5dfb40c9cd1c83f3e2c860d779d"
		},
		{
			"ImportPath": "github.com/Azure/go-autorest/autorest/date",
			"Comment": "v8.0.0",
			"Rev": "58f6f26e200fa5dfb40c9cd1c83f3e2c860d779d"
		},
		{
			"ImportPath": "github.com/Azure/go-autorest/autorest/to",
			"Comment": "v8.0.0",
			"Rev": "58f6f26e200fa5dfb40c9cd1c83f3e2c860d779d"
		},
		{
			"ImportPath": "github.com/Azure/go-autorest/autorest/validation",
			"Comment": "v8.0.0",
			"Rev": "58f6f26e200fa5dfb40c9cd1c83f3e2c860d779d"
		},
		{
			"ImportPath": "github.com/MakeNowJust/heredoc",
			"Rev": "1d91351acdc1cb2f2c995864674b754134b86ca7"
		},
		{
			"ImportPath": "github.com/Microsoft/go-winio",
			"Comment": "v0.4.5",
			"Rev": "78439966b38d69bf38227fbf57ac8a6fee70f69a"
		},
		{
			"ImportPath": "github.com/Microsoft/hcsshim",
			"Comment": "V0.6.3",
			"Rev": "6ea7fe54f719d95721e7d9b26ac0add224c9b923"
		},
		{
			"ImportPath": "github.com/NYTimes/gziphandler",
			"Rev": "56545f4a5d46df9a6648819d1664c3a03a13ffdb"
		},
		{
			"ImportPath": "github.com/Nvveen/Gotty",
			"Rev": "cd527374f1e5bff4938207604a14f2e38a9cf512"
		},
		{
			"ImportPath": "github.com/PuerkitoBio/purell",
			"Comment": "v1.0.0",
			"Rev": "8a290539e2e8629dbc4e6bad948158f790ec31f4"
		},
		{
			"ImportPath": "github.com/PuerkitoBio/urlesc",
			"Rev": "5bd2802263f21d8788851d5305584c82a5c75d7e"
		},
		{
			"ImportPath": "github.com/abbot/go-http-auth",
			"Rev": "c0ef4539dfab4d21c8ef20ba2924f9fc6f186d35"
		},
		{
			"ImportPath": "github.com/appc/spec/schema",
			"Comment": "v0.8.9-17-gfc380db",
			"Rev": "fc380db5fc13c6dd71a5b0bf2af0d182865d1b1d"
		},
		{
			"ImportPath": "github.com/appc/spec/schema/common",
			"Comment": "v0.8.9-17-gfc380db",
			"Rev": "fc380db5fc13c6dd71a5b0bf2af0d182865d1b1d"
		},
		{
			"ImportPath": "github.com/appc/spec/schema/types",
			"Comment": "v0.8.9-17-gfc380db",
			"Rev": "fc380db5fc13c6dd71a5b0bf2af0d182865d1b1d"
		},
		{
			"ImportPath": "github.com/appc/spec/schema/types/resource",
			"Comment": "v0.8.9-17-gfc380db",
			"Rev": "fc380db5fc13c6dd71a5b0bf2af0d182865d1b1d"
		},
		{
			"ImportPath": "github.com/armon/circbuf",
			"Rev": "bbbad097214e2918d8543d5201d12bfd7bca254d"
		},
		{
			"ImportPath": "github.com/asaskevich/govalidator",
			"Comment": "v4-12-g593d645",
			"Rev": "593d64559f7600f29581a3ee42177f5dbded27a9"
		},
		{
			"ImportPath": "github.com/aws/aws-sdk-go/aws",
			"Comment": "v1.6.10",
			"Rev": "63ce630574a5ec05ecd8e8de5cea16332a5a684d"
		},
		{
			"ImportPath": "github.com/aws/aws-sdk-go/aws/awserr",
			"Comment": "v1.6.10",
			"Rev": "63ce630574a5ec05ecd8e8de5cea16332a5a684d"
		},
		{
			"ImportPath": "github.com/aws/aws-sdk-go/aws/awsutil",
			"Comment": "v1.6.10",
			"Rev": "63ce630574a5ec05ecd8e8de5cea16332a5a684d"
		},
		{
			"ImportPath": "github.com/aws/aws-sdk-go/aws/client",
			"Comment": "v1.6.10",
			"Rev": "63ce630574a5ec05ecd8e8de5cea16332a5a684d"
		},
		{
			"ImportPath": "github.com/aws/aws-sdk-go/aws/client/metadata",
			"Comment": "v1.6.10",
			"Rev": "63ce630574a5ec05ecd8e8de5cea16332a5a684d"
		},
		{
			"ImportPath": "github.com/aws/aws-sdk-go/aws/corehandlers",
			"Comment": "v1.6.10",
			"Rev": "63ce630574a5ec05ecd8e8de5cea16332a5a684d"
		},
		{
			"ImportPath": "github.com/aws/aws-sdk-go/aws/credentials",
			"Comment": "v1.6.10",
			"Rev": "63ce630574a5ec05ecd8e8de5cea16332a5a684d"
		},
		{
			"ImportPath": "github.com/aws/aws-sdk-go/aws/credentials/ec2rolecreds",
			"Comment": "v1.6.10",
			"Rev": "63ce630574a5ec05ecd8e8de5cea16332a5a684d"
		},
		{
			"ImportPath": "github.com/aws/aws-sdk-go/aws/credentials/endpointcreds",
			"Comment": "v1.6.10",
			"Rev": "63ce630574a5ec05ecd8e8de5cea16332a5a684d"
		},
		{
			"ImportPath": "github.com/aws/aws-sdk-go/aws/credentials/stscreds",
			"Comment": "v1.6.10",
			"Rev": "63ce630574a5ec05ecd8e8de5cea16332a5a684d"
		},
		{
			"ImportPath": "github.com/aws/aws-sdk-go/aws/defaults",
			"Comment": "v1.6.10",
			"Rev": "63ce630574a5ec05ecd8e8de5cea16332a5a684d"
		},
		{
			"ImportPath": "github.com/aws/aws-sdk-go/aws/ec2metadata",
			"Comment": "v1.6.10",
			"Rev": "63ce630574a5ec05ecd8e8de5cea16332a5a684d"
		},
		{
			"ImportPath": "github.com/aws/aws-sdk-go/aws/endpoints",
			"Comment": "v1.6.10",
			"Rev": "63ce630574a5ec05ecd8e8de5cea16332a5a684d"
		},
		{
			"ImportPath": "github.com/aws/aws-sdk-go/aws/request",
			"Comment": "v1.6.10",
			"Rev": "63ce630574a5ec05ecd8e8de5cea16332a5a684d"
		},
		{
			"ImportPath": "github.com/aws/aws-sdk-go/aws/session",
			"Comment": "v1.6.10",
			"Rev": "63ce630574a5ec05ecd8e8de5cea16332a5a684d"
		},
		{
			"ImportPath": "github.com/aws/aws-sdk-go/aws/signer/v4",
			"Comment": "v1.6.10",
			"Rev": "63ce630574a5ec05ecd8e8de5cea16332a5a684d"
		},
		{
			"ImportPath": "github.com/aws/aws-sdk-go/private/protocol",
			"Comment": "v1.6.10",
			"Rev": "63ce630574a5ec05ecd8e8de5cea16332a5a684d"
		},
		{
			"ImportPath": "github.com/aws/aws-sdk-go/private/protocol/ec2query",
			"Comment": "v1.6.10",
			"Rev": "63ce630574a5ec05ecd8e8de5cea16332a5a684d"
		},
		{
			"ImportPath": "github.com/aws/aws-sdk-go/private/protocol/json/jsonutil",
			"Comment": "v1.6.10",
			"Rev": "63ce630574a5ec05ecd8e8de5cea16332a5a684d"
		},
		{
			"ImportPath": "github.com/aws/aws-sdk-go/private/protocol/jsonrpc",
			"Comment": "v1.6.10",
			"Rev": "63ce630574a5ec05ecd8e8de5cea16332a5a684d"
		},
		{
			"ImportPath": "github.com/aws/aws-sdk-go/private/protocol/query",
			"Comment": "v1.6.10",
			"Rev": "63ce630574a5ec05ecd8e8de5cea16332a5a684d"
		},
		{
			"ImportPath": "github.com/aws/aws-sdk-go/private/protocol/query/queryutil",
			"Comment": "v1.6.10",
			"Rev": "63ce630574a5ec05ecd8e8de5cea16332a5a684d"
		},
		{
			"ImportPath": "github.com/aws/aws-sdk-go/private/protocol/rest",
			"Comment": "v1.6.10",
			"Rev": "63ce630574a5ec05ecd8e8de5cea16332a5a684d"
		},
		{
			"ImportPath": "github.com/aws/aws-sdk-go/private/protocol/restxml",
			"Comment": "v1.6.10",
			"Rev": "63ce630574a5ec05ecd8e8de5cea16332a5a684d"
		},
		{
			"ImportPath": "github.com/aws/aws-sdk-go/private/protocol/xml/xmlutil",
			"Comment": "v1.6.10",
			"Rev": "63ce630574a5ec05ecd8e8de5cea16332a5a684d"
		},
		{
			"ImportPath": "github.com/aws/aws-sdk-go/private/waiter",
			"Comment": "v1.6.10",
			"Rev": "63ce630574a5ec05ecd8e8de5cea16332a5a684d"
		},
		{
			"ImportPath": "github.com/aws/aws-sdk-go/service/autoscaling",
			"Comment": "v1.6.10",
			"Rev": "63ce630574a5ec05ecd8e8de5cea16332a5a684d"
		},
		{
			"ImportPath": "github.com/aws/aws-sdk-go/service/ec2",
			"Comment": "v1.6.10",
			"Rev": "63ce630574a5ec05ecd8e8de5cea16332a5a684d"
		},
		{
			"ImportPath": "github.com/aws/aws-sdk-go/service/ecr",
			"Comment": "v1.6.10",
			"Rev": "63ce630574a5ec05ecd8e8de5cea16332a5a684d"
		},
		{
			"ImportPath": "github.com/aws/aws-sdk-go/service/elb",
			"Comment": "v1.6.10",
			"Rev": "63ce630574a5ec05ecd8e8de5cea16332a5a684d"
		},
		{
			"ImportPath": "github.com/aws/aws-sdk-go/service/kms",
			"Comment": "v1.6.10",
			"Rev": "63ce630574a5ec05ecd8e8de5cea16332a5a684d"
		},
		{
			"ImportPath": "github.com/aws/aws-sdk-go/service/route53",
			"Comment": "v1.6.10",
			"Rev": "63ce630574a5ec05ecd8e8de5cea16332a5a684d"
		},
		{
			"ImportPath": "github.com/aws/aws-sdk-go/service/sts",
			"Comment": "v1.6.10",
			"Rev": "63ce630574a5ec05ecd8e8de5cea16332a5a684d"
		},
		{
			"ImportPath": "github.com/beorn7/perks/quantile",
			"Rev": "3ac7bf7a47d159a033b107610db8a1b6575507a4"
		},
		{
			"ImportPath": "github.com/blang/semver",
			"Comment": "v3.5.0",
			"Rev": "b38d23b8782a487059e8fc8773e9a5b228a77cb6"
		},
		{
			"ImportPath": "github.com/boltdb/bolt",
			"Comment": "v1.3.0",
			"Rev": "583e8937c61f1af6513608ccc75c97b6abdf4ff9"
		},
		{
			"ImportPath": "github.com/chai2010/gettext-go/gettext",
			"Rev": "c6fed771bfd517099caf0f7a961671fa8ed08723"
		},
		{
			"ImportPath": "github.com/chai2010/gettext-go/gettext/mo",
			"Rev": "c6fed771bfd517099caf0f7a961671fa8ed08723"
		},
		{
			"ImportPath": "github.com/chai2010/gettext-go/gettext/plural",
			"Rev": "c6fed771bfd517099caf0f7a961671fa8ed08723"
		},
		{
			"ImportPath": "github.com/chai2010/gettext-go/gettext/po",
			"Rev": "c6fed771bfd517099caf0f7a961671fa8ed08723"
		},
		{
			"ImportPath": "github.com/cloudflare/cfssl/auth",
			"Comment": "1.2.0",
			"Rev": "db0d0650b6496bfe8061ec56a92edd32d8e75c30"
		},
		{
			"ImportPath": "github.com/cloudflare/cfssl/certdb",
			"Comment": "1.2.0",
			"Rev": "db0d0650b6496bfe8061ec56a92edd32d8e75c30"
		},
		{
			"ImportPath": "github.com/cloudflare/cfssl/config",
			"Comment": "1.2.0",
			"Rev": "db0d0650b6496bfe8061ec56a92edd32d8e75c30"
		},
		{
			"ImportPath": "github.com/cloudflare/cfssl/crypto/pkcs7",
			"Comment": "1.2.0",
			"Rev": "db0d0650b6496bfe8061ec56a92edd32d8e75c30"
		},
		{
			"ImportPath": "github.com/cloudflare/cfssl/csr",
			"Comment": "1.2.0",
			"Rev": "db0d0650b6496bfe8061ec56a92edd32d8e75c30"
		},
		{
			"ImportPath": "github.com/cloudflare/cfssl/errors",
			"Comment": "1.2.0",
			"Rev": "db0d0650b6496bfe8061ec56a92edd32d8e75c30"
		},
		{
			"ImportPath": "github.com/cloudflare/cfssl/helpers",
			"Comment": "1.2.0",
			"Rev": "db0d0650b6496bfe8061ec56a92edd32d8e75c30"
		},
		{
			"ImportPath": "github.com/cloudflare/cfssl/helpers/derhelpers",
			"Comment": "1.2.0",
			"Rev": "db0d0650b6496bfe8061ec56a92edd32d8e75c30"
		},
		{
			"ImportPath": "github.com/cloudflare/cfssl/info",
			"Comment": "1.2.0",
			"Rev": "db0d0650b6496bfe8061ec56a92edd32d8e75c30"
		},
		{
			"ImportPath": "github.com/cloudflare/cfssl/log",
			"Comment": "1.2.0",
			"Rev": "db0d0650b6496bfe8061ec56a92edd32d8e75c30"
		},
		{
			"ImportPath": "github.com/cloudflare/cfssl/ocsp/config",
			"Comment": "1.2.0",
			"Rev": "db0d0650b6496bfe8061ec56a92edd32d8e75c30"
		},
		{
			"ImportPath": "github.com/cloudflare/cfssl/signer",
			"Comment": "1.2.0",
			"Rev": "db0d0650b6496bfe8061ec56a92edd32d8e75c30"
		},
		{
			"ImportPath": "github.com/cloudflare/cfssl/signer/local",
			"Comment": "1.2.0",
			"Rev": "db0d0650b6496bfe8061ec56a92edd32d8e75c30"
		},
		{
			"ImportPath": "github.com/clusterhq/flocker-go",
			"Rev": "2b8b7259d3139c96c4a6871031355808ab3fd3b3"
		},
		{
			"ImportPath": "github.com/codedellemc/goscaleio",
			"Rev": "20e2ce2cf8852dc78bd42b76698dcd8dcd77b7b1"
		},
		{
			"ImportPath": "github.com/codedellemc/goscaleio/types/v1",
			"Rev": "20e2ce2cf8852dc78bd42b76698dcd8dcd77b7b1"
		},
		{
			"ImportPath": "github.com/codegangsta/negroni",
			"Comment": "v0.1.0-62-g8d75e11",
			"Rev": "8d75e11374a1928608c906fe745b538483e7aeb2"
		},
		{
			"ImportPath": "github.com/containernetworking/cni/libcni",
			"Comment": "v0.5.2",
			"Rev": "137b4975ecab6e1f0c24c1e3c228a50a3cfba75e"
		},
		{
			"ImportPath": "github.com/containernetworking/cni/pkg/invoke",
			"Comment": "v0.5.2",
			"Rev": "137b4975ecab6e1f0c24c1e3c228a50a3cfba75e"
		},
		{
			"ImportPath": "github.com/containernetworking/cni/pkg/types",
			"Comment": "v0.5.2",
			"Rev": "137b4975ecab6e1f0c24c1e3c228a50a3cfba75e"
		},
		{
			"ImportPath": "github.com/containernetworking/cni/pkg/types/020",
			"Comment": "v0.5.2",
			"Rev": "137b4975ecab6e1f0c24c1e3c228a50a3cfba75e"
		},
		{
			"ImportPath": "github.com/containernetworking/cni/pkg/types/current",
			"Comment": "v0.5.2",
			"Rev": "137b4975ecab6e1f0c24c1e3c228a50a3cfba75e"
		},
		{
			"ImportPath": "github.com/containernetworking/cni/pkg/version",
			"Comment": "v0.5.2",
			"Rev": "137b4975ecab6e1f0c24c1e3c228a50a3cfba75e"
		},
		{
			"ImportPath": "github.com/coreos/etcd/alarm",
			"Comment": "v3.1.10",
			"Rev": "0520cb9304cb2385f7e72b8bc02d6e4d3257158a"
		},
		{
			"ImportPath": "github.com/coreos/etcd/auth",
			"Comment": "v3.1.10",
			"Rev": "0520cb9304cb2385f7e72b8bc02d6e4d3257158a"
		},
		{
			"ImportPath": "github.com/coreos/etcd/auth/authpb",
			"Comment": "v3.1.10",
			"Rev": "0520cb9304cb2385f7e72b8bc02d6e4d3257158a"
		},
		{
			"ImportPath": "github.com/coreos/etcd/client",
			"Comment": "v3.1.10",
			"Rev": "0520cb9304cb2385f7e72b8bc02d6e4d3257158a"
		},
		{
			"ImportPath": "github.com/coreos/etcd/clientv3",
			"Comment": "v3.1.10",
			"Rev": "0520cb9304cb2385f7e72b8bc02d6e4d3257158a"
		},
		{
			"ImportPath": "github.com/coreos/etcd/compactor",
			"Comment": "v3.1.10",
			"Rev": "0520cb9304cb2385f7e72b8bc02d6e4d3257158a"
		},
		{
			"ImportPath": "github.com/coreos/etcd/discovery",
			"Comment": "v3.1.10",
			"Rev": "0520cb9304cb2385f7e72b8bc02d6e4d3257158a"
		},
		{
			"ImportPath": "github.com/coreos/etcd/error",
			"Comment": "v3.1.10",
			"Rev": "0520cb9304cb2385f7e72b8bc02d6e4d3257158a"
		},
		{
			"ImportPath": "github.com/coreos/etcd/etcdserver",
			"Comment": "v3.1.10",
			"Rev": "0520cb9304cb2385f7e72b8bc02d6e4d3257158a"
		},
		{
			"ImportPath": "github.com/coreos/etcd/etcdserver/api",
			"Comment": "v3.1.10",
			"Rev": "0520cb9304cb2385f7e72b8bc02d6e4d3257158a"
		},
		{
			"ImportPath": "github.com/coreos/etcd/etcdserver/api/v2http",
			"Comment": "v3.1.10",
			"Rev": "0520cb9304cb2385f7e72b8bc02d6e4d3257158a"
		},
		{
			"ImportPath": "github.com/coreos/etcd/etcdserver/api/v2http/httptypes",
			"Comment": "v3.1.10",
			"Rev": "0520cb9304cb2385f7e72b8bc02d6e4d3257158a"
		},
		{
			"ImportPath": "github.com/coreos/etcd/etcdserver/api/v3rpc",
			"Comment": "v3.1.10",
			"Rev": "0520cb9304cb2385f7e72b8bc02d6e4d3257158a"
		},
		{
			"ImportPath": "github.com/coreos/etcd/etcdserver/api/v3rpc/rpctypes",
			"Comment": "v3.1.10",
			"Rev": "0520cb9304cb2385f7e72b8bc02d6e4d3257158a"
		},
		{
			"ImportPath": "github.com/coreos/etcd/etcdserver/auth",
			"Comment": "v3.1.10",
			"Rev": "0520cb9304cb2385f7e72b8bc02d6e4d3257158a"
		},
		{
			"ImportPath": "github.com/coreos/etcd/etcdserver/etcdserverpb",
			"Comment": "v3.1.10",
			"Rev": "0520cb9304cb2385f7e72b8bc02d6e4d3257158a"
		},
		{
			"ImportPath": "github.com/coreos/etcd/etcdserver/membership",
			"Comment": "v3.1.10",
			"Rev": "0520cb9304cb2385f7e72b8bc02d6e4d3257158a"
		},
		{
			"ImportPath": "github.com/coreos/etcd/etcdserver/stats",
			"Comment": "v3.1.10",
			"Rev": "0520cb9304cb2385f7e72b8bc02d6e4d3257158a"
		},
		{
			"ImportPath": "github.com/coreos/etcd/integration",
			"Comment": "v3.1.10",
			"Rev": "0520cb9304cb2385f7e72b8bc02d6e4d3257158a"
		},
		{
			"ImportPath": "github.com/coreos/etcd/lease",
			"Comment": "v3.1.10",
			"Rev": "0520cb9304cb2385f7e72b8bc02d6e4d3257158a"
		},
		{
			"ImportPath": "github.com/coreos/etcd/lease/leasehttp",
			"Comment": "v3.1.10",
			"Rev": "0520cb9304cb2385f7e72b8bc02d6e4d3257158a"
		},
		{
			"ImportPath": "github.com/coreos/etcd/lease/leasepb",
			"Comment": "v3.1.10",
			"Rev": "0520cb9304cb2385f7e72b8bc02d6e4d3257158a"
		},
		{
			"ImportPath": "github.com/coreos/etcd/mvcc",
			"Comment": "v3.1.10",
			"Rev": "0520cb9304cb2385f7e72b8bc02d6e4d3257158a"
		},
		{
			"ImportPath": "github.com/coreos/etcd/mvcc/backend",
			"Comment": "v3.1.10",
			"Rev": "0520cb9304cb2385f7e72b8bc02d6e4d3257158a"
		},
		{
			"ImportPath": "github.com/coreos/etcd/mvcc/mvccpb",
			"Comment": "v3.1.10",
			"Rev": "0520cb9304cb2385f7e72b8bc02d6e4d3257158a"
		},
		{
			"ImportPath": "github.com/coreos/etcd/pkg/adt",
			"Comment": "v3.1.10",
			"Rev": "0520cb9304cb2385f7e72b8bc02d6e4d3257158a"
		},
		{
			"ImportPath": "github.com/coreos/etcd/pkg/contention",
			"Comment": "v3.1.10",
			"Rev": "0520cb9304cb2385f7e72b8bc02d6e4d3257158a"
		},
		{
			"ImportPath": "github.com/coreos/etcd/pkg/cpuutil",
			"Comment": "v3.1.10",
			"Rev": "0520cb9304cb2385f7e72b8bc02d6e4d3257158a"
		},
		{
			"ImportPath": "github.com/coreos/etcd/pkg/crc",
			"Comment": "v3.1.10",
			"Rev": "0520cb9304cb2385f7e72b8bc02d6e4d3257158a"
		},
		{
			"ImportPath": "github.com/coreos/etcd/pkg/fileutil",
			"Comment": "v3.1.10",
			"Rev": "0520cb9304cb2385f7e72b8bc02d6e4d3257158a"
		},
		{
			"ImportPath": "github.com/coreos/etcd/pkg/httputil",
			"Comment": "v3.1.10",
			"Rev": "0520cb9304cb2385f7e72b8bc02d6e4d3257158a"
		},
		{
			"ImportPath": "github.com/coreos/etcd/pkg/idutil",
			"Comment": "v3.1.10",
			"Rev": "0520cb9304cb2385f7e72b8bc02d6e4d3257158a"
		},
		{
			"ImportPath": "github.com/coreos/etcd/pkg/ioutil",
			"Comment": "v3.1.10",
			"Rev": "0520cb9304cb2385f7e72b8bc02d6e4d3257158a"
		},
		{
			"ImportPath": "github.com/coreos/etcd/pkg/logutil",
			"Comment": "v3.1.10",
			"Rev": "0520cb9304cb2385f7e72b8bc02d6e4d3257158a"
		},
		{
			"ImportPath": "github.com/coreos/etcd/pkg/monotime",
			"Comment": "v3.1.10",
			"Rev": "0520cb9304cb2385f7e72b8bc02d6e4d3257158a"
		},
		{
			"ImportPath": "github.com/coreos/etcd/pkg/netutil",
			"Comment": "v3.1.10",
			"Rev": "0520cb9304cb2385f7e72b8bc02d6e4d3257158a"
		},
		{
			"ImportPath": "github.com/coreos/etcd/pkg/pathutil",
			"Comment": "v3.1.10",
			"Rev": "0520cb9304cb2385f7e72b8bc02d6e4d3257158a"
		},
		{
			"ImportPath": "github.com/coreos/etcd/pkg/pbutil",
			"Comment": "v3.1.10",
			"Rev": "0520cb9304cb2385f7e72b8bc02d6e4d3257158a"
		},
		{
			"ImportPath": "github.com/coreos/etcd/pkg/runtime",
			"Comment": "v3.1.10",
			"Rev": "0520cb9304cb2385f7e72b8bc02d6e4d3257158a"
		},
		{
			"ImportPath": "github.com/coreos/etcd/pkg/schedule",
			"Comment": "v3.1.10",
			"Rev": "0520cb9304cb2385f7e72b8bc02d6e4d3257158a"
		},
		{
			"ImportPath": "github.com/coreos/etcd/pkg/testutil",
			"Comment": "v3.1.10",
			"Rev": "0520cb9304cb2385f7e72b8bc02d6e4d3257158a"
		},
		{
			"ImportPath": "github.com/coreos/etcd/pkg/tlsutil",
			"Comment": "v3.1.10",
			"Rev": "0520cb9304cb2385f7e72b8bc02d6e4d3257158a"
		},
		{
			"ImportPath": "github.com/coreos/etcd/pkg/transport",
			"Comment": "v3.1.10",
			"Rev": "0520cb9304cb2385f7e72b8bc02d6e4d3257158a"
		},
		{
			"ImportPath": "github.com/coreos/etcd/pkg/types",
			"Comment": "v3.1.10",
			"Rev": "0520cb9304cb2385f7e72b8bc02d6e4d3257158a"
		},
		{
			"ImportPath": "github.com/coreos/etcd/pkg/wait",
			"Comment": "v3.1.10",
			"Rev": "0520cb9304cb2385f7e72b8bc02d6e4d3257158a"
		},
		{
			"ImportPath": "github.com/coreos/etcd/proxy/grpcproxy",
			"Comment": "v3.1.10",
			"Rev": "0520cb9304cb2385f7e72b8bc02d6e4d3257158a"
		},
		{
			"ImportPath": "github.com/coreos/etcd/proxy/grpcproxy/cache",
			"Comment": "v3.1.10",
			"Rev": "0520cb9304cb2385f7e72b8bc02d6e4d3257158a"
		},
		{
			"ImportPath": "github.com/coreos/etcd/raft",
			"Comment": "v3.1.10",
			"Rev": "0520cb9304cb2385f7e72b8bc02d6e4d3257158a"
		},
		{
			"ImportPath": "github.com/coreos/etcd/raft/raftpb",
			"Comment": "v3.1.10",
			"Rev": "0520cb9304cb2385f7e72b8bc02d6e4d3257158a"
		},
		{
			"ImportPath": "github.com/coreos/etcd/rafthttp",
			"Comment": "v3.1.10",
			"Rev": "0520cb9304cb2385f7e72b8bc02d6e4d3257158a"
		},
		{
			"ImportPath": "github.com/coreos/etcd/snap",
			"Comment": "v3.1.10",
			"Rev": "0520cb9304cb2385f7e72b8bc02d6e4d3257158a"
		},
		{
			"ImportPath": "github.com/coreos/etcd/snap/snappb",
			"Comment": "v3.1.10",
			"Rev": "0520cb9304cb2385f7e72b8bc02d6e4d3257158a"
		},
		{
			"ImportPath": "github.com/coreos/etcd/store",
			"Comment": "v3.1.10",
			"Rev": "0520cb9304cb2385f7e72b8bc02d6e4d3257158a"
		},
		{
			"ImportPath": "github.com/coreos/etcd/version",
			"Comment": "v3.1.10",
			"Rev": "0520cb9304cb2385f7e72b8bc02d6e4d3257158a"
		},
		{
			"ImportPath": "github.com/coreos/etcd/wal",
			"Comment": "v3.1.10",
			"Rev": "0520cb9304cb2385f7e72b8bc02d6e4d3257158a"
		},
		{
			"ImportPath": "github.com/coreos/etcd/wal/walpb",
			"Comment": "v3.1.10",
			"Rev": "0520cb9304cb2385f7e72b8bc02d6e4d3257158a"
		},
		{
			"ImportPath": "github.com/coreos/go-oidc/http",
			"Rev": "a4973d9a4225417aecf5d450a9522f00c1f7130f"
		},
		{
			"ImportPath": "github.com/coreos/go-oidc/jose",
			"Rev": "a4973d9a4225417aecf5d450a9522f00c1f7130f"
		},
		{
			"ImportPath": "github.com/coreos/go-oidc/key",
			"Rev": "a4973d9a4225417aecf5d450a9522f00c1f7130f"
		},
		{
			"ImportPath": "github.com/coreos/go-oidc/oauth2",
			"Rev": "a4973d9a4225417aecf5d450a9522f00c1f7130f"
		},
		{
			"ImportPath": "github.com/coreos/go-oidc/oidc",
			"Rev": "a4973d9a4225417aecf5d450a9522f00c1f7130f"
		},
		{
			"ImportPath": "github.com/coreos/go-semver/semver",
			"Rev": "568e959cd89871e61434c1143528d9162da89ef2"
		},
		{
			"ImportPath": "github.com/coreos/go-systemd/daemon",
			"Comment": "v14",
			"Rev": "48702e0da86bd25e76cfef347e2adeb434a0d0a6"
		},
		{
			"ImportPath": "github.com/coreos/go-systemd/dbus",
			"Comment": "v14",
			"Rev": "48702e0da86bd25e76cfef347e2adeb434a0d0a6"
		},
		{
			"ImportPath": "github.com/coreos/go-systemd/journal",
			"Comment": "v14",
			"Rev": "48702e0da86bd25e76cfef347e2adeb434a0d0a6"
		},
		{
			"ImportPath": "github.com/coreos/go-systemd/unit",
			"Comment": "v14",
			"Rev": "48702e0da86bd25e76cfef347e2adeb434a0d0a6"
		},
		{
			"ImportPath": "github.com/coreos/go-systemd/util",
			"Comment": "v14",
			"Rev": "48702e0da86bd25e76cfef347e2adeb434a0d0a6"
		},
		{
			"ImportPath": "github.com/coreos/pkg/capnslog",
			"Comment": "v2-8-gfa29b1d",
			"Rev": "fa29b1d70f0beaddd4c7021607cc3c3be8ce94b8"
		},
		{
			"ImportPath": "github.com/coreos/pkg/dlopen",
			"Comment": "v2-8-gfa29b1d",
			"Rev": "fa29b1d70f0beaddd4c7021607cc3c3be8ce94b8"
		},
		{
			"ImportPath": "github.com/coreos/pkg/health",
			"Comment": "v2-8-gfa29b1d",
			"Rev": "fa29b1d70f0beaddd4c7021607cc3c3be8ce94b8"
		},
		{
			"ImportPath": "github.com/coreos/pkg/httputil",
			"Comment": "v2-8-gfa29b1d",
			"Rev": "fa29b1d70f0beaddd4c7021607cc3c3be8ce94b8"
		},
		{
			"ImportPath": "github.com/coreos/pkg/timeutil",
			"Comment": "v2-8-gfa29b1d",
			"Rev": "fa29b1d70f0beaddd4c7021607cc3c3be8ce94b8"
		},
		{
			"ImportPath": "github.com/coreos/rkt/api/v1alpha",
			"Comment": "v1.25.0",
			"Rev": "ec37f3cb649bfb72408906e7cbf330e4aeda1075"
		},
		{
			"ImportPath": "github.com/cpuguy83/go-md2man/md2man",
			"Comment": "v1.0.4",
			"Rev": "71acacd42f85e5e82f70a55327789582a5200a90"
		},
		{
			"ImportPath": "github.com/d2g/dhcp4",
			"Rev": "a1d1b6c41b1ce8a71a5121a9cee31809c4707d9c"
		},
		{
			"ImportPath": "github.com/d2g/dhcp4client",
			"Rev": "6e570ed0a266b730a860ba1068090f683b2c213a"
		},
		{
			"ImportPath": "github.com/davecgh/go-spew/spew",
			"Comment": "v1.1.0-1-g782f496",
			"Rev": "782f4967f2dc4564575ca782fe2d04090b5faca8"
		},
		{
			"ImportPath": "github.com/daviddengcn/go-colortext",
			"Rev": "511bcaf42ccd42c38aba7427b6673277bf19e2a1"
		},
		{
			"ImportPath": "github.com/dgrijalva/jwt-go",
			"Comment": "v3.0.0-4-g01aeca5",
			"Rev": "01aeca54ebda6e0fbfafd0a524d234159c05ec20"
		},
		{
			"ImportPath": "github.com/docker/distribution/digestset",
			"Comment": "v2.6.0-rc.1-209-gedc3ab29",
			"Rev": "edc3ab29cdff8694dd6feb85cfeb4b5f1b38ed9c"
		},
		{
			"ImportPath": "github.com/docker/distribution/reference",
			"Comment": "v2.6.0-rc.1-209-gedc3ab29",
			"Rev": "edc3ab29cdff8694dd6feb85cfeb4b5f1b38ed9c"
		},
		{
			"ImportPath": "github.com/docker/docker/api",
			"Comment": "docs-v1.12.0-rc4-2016-07-15-7401-g4f3616fb1",
			"Rev": "4f3616fb1c112e206b88cb7a9922bf49067a7756"
		},
		{
			"ImportPath": "github.com/docker/docker/api/types",
			"Comment": "docs-v1.12.0-rc4-2016-07-15-7401-g4f3616fb1",
			"Rev": "4f3616fb1c112e206b88cb7a9922bf49067a7756"
		},
		{
			"ImportPath": "github.com/docker/docker/api/types/blkiodev",
			"Comment": "docs-v1.12.0-rc4-2016-07-15-7401-g4f3616fb1",
			"Rev": "4f3616fb1c112e206b88cb7a9922bf49067a7756"
		},
		{
			"ImportPath": "github.com/docker/docker/api/types/container",
			"Comment": "docs-v1.12.0-rc4-2016-07-15-7401-g4f3616fb1",
			"Rev": "4f3616fb1c112e206b88cb7a9922bf49067a7756"
		},
		{
			"ImportPath": "github.com/docker/docker/api/types/events",
			"Comment": "docs-v1.12.0-rc4-2016-07-15-7401-g4f3616fb1",
			"Rev": "4f3616fb1c112e206b88cb7a9922bf49067a7756"
		},
		{
			"ImportPath": "github.com/docker/docker/api/types/filters",
			"Comment": "docs-v1.12.0-rc4-2016-07-15-7401-g4f3616fb1",
			"Rev": "4f3616fb1c112e206b88cb7a9922bf49067a7756"
		},
		{
			"ImportPath": "github.com/docker/docker/api/types/image",
			"Comment": "docs-v1.12.0-rc4-2016-07-15-7401-g4f3616fb1",
			"Rev": "4f3616fb1c112e206b88cb7a9922bf49067a7756"
		},
		{
			"ImportPath": "github.com/docker/docker/api/types/mount",
			"Comment": "docs-v1.12.0-rc4-2016-07-15-7401-g4f3616fb1",
			"Rev": "4f3616fb1c112e206b88cb7a9922bf49067a7756"
		},
		{
			"ImportPath": "github.com/docker/docker/api/types/network",
			"Comment": "docs-v1.12.0-rc4-2016-07-15-7401-g4f3616fb1",
			"Rev": "4f3616fb1c112e206b88cb7a9922bf49067a7756"
		},
		{
			"ImportPath": "github.com/docker/docker/api/types/registry",
			"Comment": "docs-v1.12.0-rc4-2016-07-15-7401-g4f3616fb1",
			"Rev": "4f3616fb1c112e206b88cb7a9922bf49067a7756"
		},
		{
			"ImportPath": "github.com/docker/docker/api/types/strslice",
			"Comment": "docs-v1.12.0-rc4-2016-07-15-7401-g4f3616fb1",
			"Rev": "4f3616fb1c112e206b88cb7a9922bf49067a7756"
		},
		{
			"ImportPath": "github.com/docker/docker/api/types/swarm",
			"Comment": "docs-v1.12.0-rc4-2016-07-15-7401-g4f3616fb1",
			"Rev": "4f3616fb1c112e206b88cb7a9922bf49067a7756"
		},
		{
			"ImportPath": "github.com/docker/docker/api/types/swarm/runtime",
			"Comment": "docs-v1.12.0-rc4-2016-07-15-7401-g4f3616fb1",
			"Rev": "4f3616fb1c112e206b88cb7a9922bf49067a7756"
		},
		{
			"ImportPath": "github.com/docker/docker/api/types/time",
			"Comment": "docs-v1.12.0-rc4-2016-07-15-7401-g4f3616fb1",
			"Rev": "4f3616fb1c112e206b88cb7a9922bf49067a7756"
		},
		{
			"ImportPath": "github.com/docker/docker/api/types/versions",
			"Comment": "docs-v1.12.0-rc4-2016-07-15-7401-g4f3616fb1",
			"Rev": "4f3616fb1c112e206b88cb7a9922bf49067a7756"
		},
		{
			"ImportPath": "github.com/docker/docker/api/types/volume",
			"Comment": "docs-v1.12.0-rc4-2016-07-15-7401-g4f3616fb1",
			"Rev": "4f3616fb1c112e206b88cb7a9922bf49067a7756"
		},
		{
			"ImportPath": "github.com/docker/docker/client",
			"Comment": "docs-v1.12.0-rc4-2016-07-15-7401-g4f3616fb1",
			"Rev": "4f3616fb1c112e206b88cb7a9922bf49067a7756"
		},
		{
			"ImportPath": "github.com/docker/docker/pkg/ioutils",
			"Comment": "docs-v1.12.0-rc4-2016-07-15-7401-g4f3616fb1",
			"Rev": "4f3616fb1c112e206b88cb7a9922bf49067a7756"
		},
		{
			"ImportPath": "github.com/docker/docker/pkg/jsonlog",
			"Comment": "docs-v1.12.0-rc4-2016-07-15-7401-g4f3616fb1",
			"Rev": "4f3616fb1c112e206b88cb7a9922bf49067a7756"
		},
		{
			"ImportPath": "github.com/docker/docker/pkg/jsonmessage",
			"Comment": "docs-v1.12.0-rc4-2016-07-15-7401-g4f3616fb1",
			"Rev": "4f3616fb1c112e206b88cb7a9922bf49067a7756"
		},
		{
			"ImportPath": "github.com/docker/docker/pkg/longpath",
			"Comment": "docs-v1.12.0-rc4-2016-07-15-7401-g4f3616fb1",
			"Rev": "4f3616fb1c112e206b88cb7a9922bf49067a7756"
		},
		{
			"ImportPath": "github.com/docker/docker/pkg/mount",
			"Comment": "docs-v1.12.0-rc4-2016-07-15-7401-g4f3616fb1",
			"Rev": "4f3616fb1c112e206b88cb7a9922bf49067a7756"
		},
		{
			"ImportPath": "github.com/docker/docker/pkg/stdcopy",
			"Comment": "docs-v1.12.0-rc4-2016-07-15-7401-g4f3616fb1",
			"Rev": "4f3616fb1c112e206b88cb7a9922bf49067a7756"
		},
		{
			"ImportPath": "github.com/docker/docker/pkg/symlink",
			"Comment": "docs-v1.12.0-rc4-2016-07-15-7401-g4f3616fb1",
			"Rev": "4f3616fb1c112e206b88cb7a9922bf49067a7756"
		},
		{
			"ImportPath": "github.com/docker/docker/pkg/system",
			"Comment": "docs-v1.12.0-rc4-2016-07-15-7401-g4f3616fb1",
			"Rev": "4f3616fb1c112e206b88cb7a9922bf49067a7756"
		},
		{
			"ImportPath": "github.com/docker/docker/pkg/term",
			"Comment": "docs-v1.12.0-rc4-2016-07-15-7401-g4f3616fb1",
			"Rev": "4f3616fb1c112e206b88cb7a9922bf49067a7756"
		},
		{
			"ImportPath": "github.com/docker/docker/pkg/term/windows",
			"Comment": "docs-v1.12.0-rc4-2016-07-15-7401-g4f3616fb1",
			"Rev": "4f3616fb1c112e206b88cb7a9922bf49067a7756"
		},
		{
			"ImportPath": "github.com/docker/docker/pkg/tlsconfig",
			"Comment": "docs-v1.12.0-rc4-2016-07-15-7401-g4f3616fb1",
			"Rev": "4f3616fb1c112e206b88cb7a9922bf49067a7756"
		},
		{
			"ImportPath": "github.com/docker/engine-api/client",
			"Comment": "v0.3.1-78-gdea108d",
			"Rev": "dea108d3aa0c67d7162a3fd8aa65f38a430019fd"
		},
		{
			"ImportPath": "github.com/docker/engine-api/client/transport",
			"Comment": "v0.3.1-78-gdea108d",
			"Rev": "dea108d3aa0c67d7162a3fd8aa65f38a430019fd"
		},
		{
			"ImportPath": "github.com/docker/engine-api/client/transport/cancellable",
			"Comment": "v0.3.1-78-gdea108d",
			"Rev": "dea108d3aa0c67d7162a3fd8aa65f38a430019fd"
		},
		{
			"ImportPath": "github.com/docker/engine-api/types",
			"Comment": "v0.3.1-78-gdea108d",
			"Rev": "dea108d3aa0c67d7162a3fd8aa65f38a430019fd"
		},
		{
			"ImportPath": "github.com/docker/engine-api/types/blkiodev",
			"Comment": "v0.3.1-78-gdea108d",
			"Rev": "dea108d3aa0c67d7162a3fd8aa65f38a430019fd"
		},
		{
			"ImportPath": "github.com/docker/engine-api/types/container",
			"Comment": "v0.3.1-78-gdea108d",
			"Rev": "dea108d3aa0c67d7162a3fd8aa65f38a430019fd"
		},
		{
			"ImportPath": "github.com/docker/engine-api/types/filters",
			"Comment": "v0.3.1-78-gdea108d",
			"Rev": "dea108d3aa0c67d7162a3fd8aa65f38a430019fd"
		},
		{
			"ImportPath": "github.com/docker/engine-api/types/network",
			"Comment": "v0.3.1-78-gdea108d",
			"Rev": "dea108d3aa0c67d7162a3fd8aa65f38a430019fd"
		},
		{
			"ImportPath": "github.com/docker/engine-api/types/reference",
			"Comment": "v0.3.1-78-gdea108d",
			"Rev": "dea108d3aa0c67d7162a3fd8aa65f38a430019fd"
		},
		{
			"ImportPath": "github.com/docker/engine-api/types/registry",
			"Comment": "v0.3.1-78-gdea108d",
			"Rev": "dea108d3aa0c67d7162a3fd8aa65f38a430019fd"
		},
		{
			"ImportPath": "github.com/docker/engine-api/types/strslice",
			"Comment": "v0.3.1-78-gdea108d",
			"Rev": "dea108d3aa0c67d7162a3fd8aa65f38a430019fd"
		},
		{
			"ImportPath": "github.com/docker/engine-api/types/time",
			"Comment": "v0.3.1-78-gdea108d",
			"Rev": "dea108d3aa0c67d7162a3fd8aa65f38a430019fd"
		},
		{
			"ImportPath": "github.com/docker/engine-api/types/versions",
			"Comment": "v0.3.1-78-gdea108d",
			"Rev": "dea108d3aa0c67d7162a3fd8aa65f38a430019fd"
		},
		{
			"ImportPath": "github.com/docker/go-connections/nat",
			"Comment": "v0.3.0",
			"Rev": "3ede32e2033de7505e6500d6c868c2b9ed9f169d"
		},
		{
			"ImportPath": "github.com/docker/go-connections/sockets",
			"Comment": "v0.3.0",
			"Rev": "3ede32e2033de7505e6500d6c868c2b9ed9f169d"
		},
		{
			"ImportPath": "github.com/docker/go-connections/tlsconfig",
			"Comment": "v0.3.0",
			"Rev": "3ede32e2033de7505e6500d6c868c2b9ed9f169d"
		},
		{
			"ImportPath": "github.com/docker/go-units",
			"Comment": "v0.3.1-11-g9e638d3",
			"Rev": "9e638d38cf6977a37a8ea0078f3ee75a7cdb2dd1"
		},
		{
			"ImportPath": "github.com/docker/libnetwork/ipvs",
			"Comment": "v0.8.0-dev.2-908-gd5c82231",
			"Rev": "d5c822319097cc01cc9bd5ffedd74c7ce7c894f2"
		},
		{
			"ImportPath": "github.com/docker/libtrust",
			"Rev": "9cbd2a1374f46905c68a4eb3694a130610adc62a"
		},
		{
			"ImportPath": "github.com/docker/spdystream",
			"Rev": "449fdfce4d962303d702fec724ef0ad181c92528"
		},
		{
			"ImportPath": "github.com/docker/spdystream/spdy",
			"Rev": "449fdfce4d962303d702fec724ef0ad181c92528"
		},
		{
			"ImportPath": "github.com/elazarl/go-bindata-assetfs",
			"Rev": "3dcc96556217539f50599357fb481ac0dc7439b9"
		},
		{
			"ImportPath": "github.com/elazarl/goproxy",
			"Comment": "v1.0-104-gc4fc265",
			"Rev": "c4fc26588b6ef8af07a191fcb6476387bdd46711"
		},
		{
			"ImportPath": "github.com/emicklei/go-restful",
			"Comment": "2.2.0-4-gff4f55a",
			"Rev": "ff4f55a206334ef123e4f79bbf348980da81ca46"
		},
		{
			"ImportPath": "github.com/emicklei/go-restful-swagger12",
			"Comment": "1.0.1",
			"Rev": "dcef7f55730566d41eae5db10e7d6981829720f6"
		},
		{
			"ImportPath": "github.com/emicklei/go-restful/log",
			"Comment": "2.2.0-4-gff4f55a",
			"Rev": "ff4f55a206334ef123e4f79bbf348980da81ca46"
		},
		{
			"ImportPath": "github.com/euank/go-kmsg-parser/kmsgparser",
			"Comment": "v2.0.0",
			"Rev": "5ba4d492e455a77d25dcf0d2c4acc9f2afebef4e"
		},
		{
			"ImportPath": "github.com/evanphx/json-patch",
			"Rev": "944e07253867aacae43c04b2e6a239005443f33a"
		},
		{
			"ImportPath": "github.com/exponent-io/jsonpath",
			"Rev": "d6023ce2651d8eafb5c75bb0c7167536102ec9f5"
		},
		{
			"ImportPath": "github.com/fatih/camelcase",
			"Rev": "f6a740d52f961c60348ebb109adde9f4635d7540"
		},
		{
			"ImportPath": "github.com/fsnotify/fsnotify",
			"Comment": "v1.3.1-1-gf12c623",
			"Rev": "f12c6236fe7b5cf6bcf30e5935d08cb079d78334"
		},
		{
			"ImportPath": "github.com/garyburd/redigo/internal",
			"Comment": "v1.0.0-1-gb8dc900",
			"Rev": "b8dc90050f24c1a73a52f107f3f575be67b21b7c"
		},
		{
			"ImportPath": "github.com/garyburd/redigo/redis",
			"Comment": "v1.0.0-1-gb8dc900",
			"Rev": "b8dc90050f24c1a73a52f107f3f575be67b21b7c"
		},
		{
			"ImportPath": "github.com/ghodss/yaml",
			"Rev": "73d445a93680fa1a78ae23a5839bad48f32ba1ee"
		},
		{
			"ImportPath": "github.com/go-ini/ini",
			"Comment": "v0-54-g2e44421",
			"Rev": "2e44421e256d82ebbf3d4d4fcabe8930b905eff3"
		},
		{
			"ImportPath": "github.com/go-openapi/analysis",
			"Rev": "b44dc874b601d9e4e2f6e19140e794ba24bead3b"
		},
		{
			"ImportPath": "github.com/go-openapi/errors",
			"Rev": "d24ebc2075bad502fac3a8ae27aa6dd58e1952dc"
		},
		{
			"ImportPath": "github.com/go-openapi/jsonpointer",
			"Rev": "46af16f9f7b149af66e5d1bd010e3574dc06de98"
		},
		{
			"ImportPath": "github.com/go-openapi/jsonreference",
			"Rev": "13c6e3589ad90f49bd3e3bbe2c2cb3d7a4142272"
		},
		{
			"ImportPath": "github.com/go-openapi/loads",
			"Rev": "18441dfa706d924a39a030ee2c3b1d8d81917b38"
		},
		{
			"ImportPath": "github.com/go-openapi/runtime",
			"Rev": "11e322eeecc1032d5a0a96c566ed53f2b5c26e22"
		},
		{
			"ImportPath": "github.com/go-openapi/spec",
			"Rev": "6aced65f8501fe1217321abf0749d354824ba2ff"
		},
		{
			"ImportPath": "github.com/go-openapi/strfmt",
			"Rev": "d65c7fdb29eca313476e529628176fe17e58c488"
		},
		{
			"ImportPath": "github.com/go-openapi/swag",
			"Rev": "1d0bd113de87027671077d3c71eb3ac5d7dbba72"
		},
		{
			"ImportPath": "github.com/go-openapi/validate",
			"Rev": "deaf2c9013bc1a7f4c774662259a506ba874d80f"
		},
		{
			"ImportPath": "github.com/godbus/dbus",
			"Comment": "v3",
			"Rev": "c7fdd8b5cd55e87b4e1f4e372cdb1db61dd6c66f"
		},
		{
			"ImportPath": "github.com/gogo/protobuf/gogoproto",
			"Comment": "v0.4-3-gc0656edd",
			"Rev": "c0656edd0d9eab7c66d1eb0c568f9039345796f7"
		},
		{
			"ImportPath": "github.com/gogo/protobuf/plugin/compare",
			"Comment": "v0.4-3-gc0656edd",
			"Rev": "c0656edd0d9eab7c66d1eb0c568f9039345796f7"
		},
		{
			"ImportPath": "github.com/gogo/protobuf/plugin/defaultcheck",
			"Comment": "v0.4-3-gc0656edd",
			"Rev": "c0656edd0d9eab7c66d1eb0c568f9039345796f7"
		},
		{
			"ImportPath": "github.com/gogo/protobuf/plugin/description",
			"Comment": "v0.4-3-gc0656edd",
			"Rev": "c0656edd0d9eab7c66d1eb0c568f9039345796f7"
		},
		{
			"ImportPath": "github.com/gogo/protobuf/plugin/embedcheck",
			"Comment": "v0.4-3-gc0656edd",
			"Rev": "c0656edd0d9eab7c66d1eb0c568f9039345796f7"
		},
		{
			"ImportPath": "github.com/gogo/protobuf/plugin/enumstringer",
			"Comment": "v0.4-3-gc0656edd",
			"Rev": "c0656edd0d9eab7c66d1eb0c568f9039345796f7"
		},
		{
			"ImportPath": "github.com/gogo/protobuf/plugin/equal",
			"Comment": "v0.4-3-gc0656edd",
			"Rev": "c0656edd0d9eab7c66d1eb0c568f9039345796f7"
		},
		{
			"ImportPath": "github.com/gogo/protobuf/plugin/face",
			"Comment": "v0.4-3-gc0656edd",
			"Rev": "c0656edd0d9eab7c66d1eb0c568f9039345796f7"
		},
		{
			"ImportPath": "github.com/gogo/protobuf/plugin/gostring",
			"Comment": "v0.4-3-gc0656edd",
			"Rev": "c0656edd0d9eab7c66d1eb0c568f9039345796f7"
		},
		{
			"ImportPath": "github.com/gogo/protobuf/plugin/marshalto",
			"Comment": "v0.4-3-gc0656edd",
			"Rev": "c0656edd0d9eab7c66d1eb0c568f9039345796f7"
		},
		{
			"ImportPath": "github.com/gogo/protobuf/plugin/oneofcheck",
			"Comment": "v0.4-3-gc0656edd",
			"Rev": "c0656edd0d9eab7c66d1eb0c568f9039345796f7"
		},
		{
			"ImportPath": "github.com/gogo/protobuf/plugin/populate",
			"Comment": "v0.4-3-gc0656edd",
			"Rev": "c0656edd0d9eab7c66d1eb0c568f9039345796f7"
		},
		{
			"ImportPath": "github.com/gogo/protobuf/plugin/size",
			"Comment": "v0.4-3-gc0656edd",
			"Rev": "c0656edd0d9eab7c66d1eb0c568f9039345796f7"
		},
		{
			"ImportPath": "github.com/gogo/protobuf/plugin/stringer",
			"Comment": "v0.4-3-gc0656edd",
			"Rev": "c0656edd0d9eab7c66d1eb0c568f9039345796f7"
		},
		{
			"ImportPath": "github.com/gogo/protobuf/plugin/testgen",
			"Comment": "v0.4-3-gc0656edd",
			"Rev": "c0656edd0d9eab7c66d1eb0c568f9039345796f7"
		},
		{
			"ImportPath": "github.com/gogo/protobuf/plugin/union",
			"Comment": "v0.4-3-gc0656edd",
			"Rev": "c0656edd0d9eab7c66d1eb0c568f9039345796f7"
		},
		{
			"ImportPath": "github.com/gogo/protobuf/plugin/unmarshal",
			"Comment": "v0.4-3-gc0656edd",
			"Rev": "c0656edd0d9eab7c66d1eb0c568f9039345796f7"
		},
		{
			"ImportPath": "github.com/gogo/protobuf/proto",
			"Comment": "v0.4-3-gc0656edd",
			"Rev": "c0656edd0d9eab7c66d1eb0c568f9039345796f7"
		},
		{
			"ImportPath": "github.com/gogo/protobuf/protoc-gen-gogo/descriptor",
			"Comment": "v0.4-3-gc0656edd",
			"Rev": "c0656edd0d9eab7c66d1eb0c568f9039345796f7"
		},
		{
			"ImportPath": "github.com/gogo/protobuf/protoc-gen-gogo/generator",
			"Comment": "v0.4-3-gc0656edd",
			"Rev": "c0656edd0d9eab7c66d1eb0c568f9039345796f7"
		},
		{
			"ImportPath": "github.com/gogo/protobuf/protoc-gen-gogo/grpc",
			"Comment": "v0.4-3-gc0656edd",
			"Rev": "c0656edd0d9eab7c66d1eb0c568f9039345796f7"
		},
		{
			"ImportPath": "github.com/gogo/protobuf/protoc-gen-gogo/plugin",
			"Comment": "v0.4-3-gc0656edd",
			"Rev": "c0656edd0d9eab7c66d1eb0c568f9039345796f7"
		},
		{
			"ImportPath": "github.com/gogo/protobuf/sortkeys",
			"Comment": "v0.4-3-gc0656edd",
			"Rev": "c0656edd0d9eab7c66d1eb0c568f9039345796f7"
		},
		{
			"ImportPath": "github.com/gogo/protobuf/vanity",
			"Comment": "v0.4-3-gc0656edd",
			"Rev": "c0656edd0d9eab7c66d1eb0c568f9039345796f7"
		},
		{
			"ImportPath": "github.com/gogo/protobuf/vanity/command",
			"Comment": "v0.4-3-gc0656edd",
			"Rev": "c0656edd0d9eab7c66d1eb0c568f9039345796f7"
		},
		{
			"ImportPath": "github.com/golang/glog",
			"Rev": "44145f04b68cf362d9c4df2182967c2275eaefed"
		},
		{
			"ImportPath": "github.com/golang/groupcache/lru",
			"Rev": "02826c3e79038b59d737d3b1c0a1d937f71a4433"
		},
		{
			"ImportPath": "github.com/golang/mock/gomock",
			"Rev": "bd3c8e81be01eef76d4b503f5e687d2d1354d2d9"
		},
		{
			"ImportPath": "github.com/golang/protobuf/jsonpb",
			"Rev": "4bd1920723d7b7c925de087aa32e2187708897f7"
		},
		{
			"ImportPath": "github.com/golang/protobuf/proto",
			"Rev": "4bd1920723d7b7c925de087aa32e2187708897f7"
		},
		{
			"ImportPath": "github.com/golang/protobuf/ptypes",
			"Rev": "4bd1920723d7b7c925de087aa32e2187708897f7"
		},
		{
			"ImportPath": "github.com/golang/protobuf/ptypes/any",
			"Rev": "4bd1920723d7b7c925de087aa32e2187708897f7"
		},
		{
			"ImportPath": "github.com/golang/protobuf/ptypes/duration",
			"Rev": "4bd1920723d7b7c925de087aa32e2187708897f7"
		},
		{
			"ImportPath": "github.com/golang/protobuf/ptypes/timestamp",
			"Rev": "4bd1920723d7b7c925de087aa32e2187708897f7"
		},
		{
			"ImportPath": "github.com/google/btree",
			"Rev": "7d79101e329e5a3adf994758c578dab82b90c017"
		},
		{
			"ImportPath": "github.com/google/cadvisor/api",
			"Comment": "v0.27.4",
			"Rev": "492322b3b5936e49f3dbc797b3adb7dd67ee3fd7"
		},
		{
			"ImportPath": "github.com/google/cadvisor/cache/memory",
			"Comment": "v0.27.4",
			"Rev": "492322b3b5936e49f3dbc797b3adb7dd67ee3fd7"
		},
		{
			"ImportPath": "github.com/google/cadvisor/client/v2",
			"Comment": "v0.27.4",
			"Rev": "492322b3b5936e49f3dbc797b3adb7dd67ee3fd7"
		},
		{
			"ImportPath": "github.com/google/cadvisor/collector",
			"Comment": "v0.27.4",
			"Rev": "492322b3b5936e49f3dbc797b3adb7dd67ee3fd7"
		},
		{
			"ImportPath": "github.com/google/cadvisor/container",
			"Comment": "v0.27.4",
			"Rev": "492322b3b5936e49f3dbc797b3adb7dd67ee3fd7"
		},
		{
			"ImportPath": "github.com/google/cadvisor/container/common",
			"Comment": "v0.27.4",
			"Rev": "492322b3b5936e49f3dbc797b3adb7dd67ee3fd7"
		},
		{
			"ImportPath": "github.com/google/cadvisor/container/crio",
			"Comment": "v0.27.4",
			"Rev": "492322b3b5936e49f3dbc797b3adb7dd67ee3fd7"
		},
		{
			"ImportPath": "github.com/google/cadvisor/container/docker",
			"Comment": "v0.27.4",
			"Rev": "492322b3b5936e49f3dbc797b3adb7dd67ee3fd7"
		},
		{
			"ImportPath": "github.com/google/cadvisor/container/libcontainer",
			"Comment": "v0.27.4",
			"Rev": "492322b3b5936e49f3dbc797b3adb7dd67ee3fd7"
		},
		{
			"ImportPath": "github.com/google/cadvisor/container/raw",
			"Comment": "v0.27.4",
			"Rev": "492322b3b5936e49f3dbc797b3adb7dd67ee3fd7"
		},
		{
			"ImportPath": "github.com/google/cadvisor/container/rkt",
			"Comment": "v0.27.4",
			"Rev": "492322b3b5936e49f3dbc797b3adb7dd67ee3fd7"
		},
		{
			"ImportPath": "github.com/google/cadvisor/container/systemd",
			"Comment": "v0.27.4",
			"Rev": "492322b3b5936e49f3dbc797b3adb7dd67ee3fd7"
		},
		{
			"ImportPath": "github.com/google/cadvisor/devicemapper",
			"Comment": "v0.27.4",
			"Rev": "492322b3b5936e49f3dbc797b3adb7dd67ee3fd7"
		},
		{
			"ImportPath": "github.com/google/cadvisor/events",
			"Comment": "v0.27.4",
			"Rev": "492322b3b5936e49f3dbc797b3adb7dd67ee3fd7"
		},
		{
			"ImportPath": "github.com/google/cadvisor/fs",
			"Comment": "v0.27.4",
			"Rev": "492322b3b5936e49f3dbc797b3adb7dd67ee3fd7"
		},
		{
			"ImportPath": "github.com/google/cadvisor/healthz",
			"Comment": "v0.27.4",
			"Rev": "492322b3b5936e49f3dbc797b3adb7dd67ee3fd7"
		},
		{
			"ImportPath": "github.com/google/cadvisor/http",
			"Comment": "v0.27.4",
			"Rev": "492322b3b5936e49f3dbc797b3adb7dd67ee3fd7"
		},
		{
			"ImportPath": "github.com/google/cadvisor/http/mux",
			"Comment": "v0.27.4",
			"Rev": "492322b3b5936e49f3dbc797b3adb7dd67ee3fd7"
		},
		{
			"ImportPath": "github.com/google/cadvisor/info/v1",
			"Comment": "v0.27.4",
			"Rev": "492322b3b5936e49f3dbc797b3adb7dd67ee3fd7"
		},
		{
			"ImportPath": "github.com/google/cadvisor/info/v2",
			"Comment": "v0.27.4",
			"Rev": "492322b3b5936e49f3dbc797b3adb7dd67ee3fd7"
		},
		{
			"ImportPath": "github.com/google/cadvisor/machine",
			"Comment": "v0.27.4",
			"Rev": "492322b3b5936e49f3dbc797b3adb7dd67ee3fd7"
		},
		{
			"ImportPath": "github.com/google/cadvisor/manager",
			"Comment": "v0.27.4",
			"Rev": "492322b3b5936e49f3dbc797b3adb7dd67ee3fd7"
		},
		{
			"ImportPath": "github.com/google/cadvisor/manager/watcher",
			"Comment": "v0.27.4",
			"Rev": "492322b3b5936e49f3dbc797b3adb7dd67ee3fd7"
		},
		{
			"ImportPath": "github.com/google/cadvisor/manager/watcher/raw",
			"Comment": "v0.27.4",
			"Rev": "492322b3b5936e49f3dbc797b3adb7dd67ee3fd7"
		},
		{
			"ImportPath": "github.com/google/cadvisor/manager/watcher/rkt",
			"Comment": "v0.27.4",
			"Rev": "492322b3b5936e49f3dbc797b3adb7dd67ee3fd7"
		},
		{
			"ImportPath": "github.com/google/cadvisor/metrics",
			"Comment": "v0.27.4",
			"Rev": "492322b3b5936e49f3dbc797b3adb7dd67ee3fd7"
		},
		{
			"ImportPath": "github.com/google/cadvisor/pages",
			"Comment": "v0.27.4",
			"Rev": "492322b3b5936e49f3dbc797b3adb7dd67ee3fd7"
		},
		{
			"ImportPath": "github.com/google/cadvisor/pages/static",
			"Comment": "v0.27.4",
			"Rev": "492322b3b5936e49f3dbc797b3adb7dd67ee3fd7"
		},
		{
			"ImportPath": "github.com/google/cadvisor/storage",
			"Comment": "v0.27.4",
			"Rev": "492322b3b5936e49f3dbc797b3adb7dd67ee3fd7"
		},
		{
			"ImportPath": "github.com/google/cadvisor/summary",
			"Comment": "v0.27.4",
			"Rev": "492322b3b5936e49f3dbc797b3adb7dd67ee3fd7"
		},
		{
			"ImportPath": "github.com/google/cadvisor/utils",
			"Comment": "v0.27.4",
			"Rev": "492322b3b5936e49f3dbc797b3adb7dd67ee3fd7"
		},
		{
			"ImportPath": "github.com/google/cadvisor/utils/cloudinfo",
			"Comment": "v0.27.4",
			"Rev": "492322b3b5936e49f3dbc797b3adb7dd67ee3fd7"
		},
		{
			"ImportPath": "github.com/google/cadvisor/utils/cpuload",
			"Comment": "v0.27.4",
			"Rev": "492322b3b5936e49f3dbc797b3adb7dd67ee3fd7"
		},
		{
			"ImportPath": "github.com/google/cadvisor/utils/cpuload/netlink",
			"Comment": "v0.27.4",
			"Rev": "492322b3b5936e49f3dbc797b3adb7dd67ee3fd7"
		},
		{
			"ImportPath": "github.com/google/cadvisor/utils/docker",
			"Comment": "v0.27.4",
			"Rev": "492322b3b5936e49f3dbc797b3adb7dd67ee3fd7"
		},
		{
			"ImportPath": "github.com/google/cadvisor/utils/oomparser",
			"Comment": "v0.27.4",
			"Rev": "492322b3b5936e49f3dbc797b3adb7dd67ee3fd7"
		},
		{
			"ImportPath": "github.com/google/cadvisor/utils/sysfs",
			"Comment": "v0.27.4",
			"Rev": "492322b3b5936e49f3dbc797b3adb7dd67ee3fd7"
		},
		{
			"ImportPath": "github.com/google/cadvisor/utils/sysinfo",
			"Comment": "v0.27.4",
			"Rev": "492322b3b5936e49f3dbc797b3adb7dd67ee3fd7"
		},
		{
			"ImportPath": "github.com/google/cadvisor/validate",
			"Comment": "v0.27.4",
			"Rev": "492322b3b5936e49f3dbc797b3adb7dd67ee3fd7"
		},
		{
			"ImportPath": "github.com/google/cadvisor/version",
			"Comment": "v0.27.4",
			"Rev": "492322b3b5936e49f3dbc797b3adb7dd67ee3fd7"
		},
		{
			"ImportPath": "github.com/google/cadvisor/zfs",
			"Comment": "v0.27.4",
			"Rev": "492322b3b5936e49f3dbc797b3adb7dd67ee3fd7"
		},
		{
			"ImportPath": "github.com/google/certificate-transparency/go",
			"Rev": "af98904302724c29aa6659ca372d41c9687de2b7"
		},
		{
			"ImportPath": "github.com/google/certificate-transparency/go/asn1",
			"Rev": "af98904302724c29aa6659ca372d41c9687de2b7"
		},
		{
			"ImportPath": "github.com/google/certificate-transparency/go/client",
			"Rev": "af98904302724c29aa6659ca372d41c9687de2b7"
		},
		{
			"ImportPath": "github.com/google/certificate-transparency/go/x509",
			"Rev": "af98904302724c29aa6659ca372d41c9687de2b7"
		},
		{
			"ImportPath": "github.com/google/certificate-transparency/go/x509/pkix",
			"Rev": "af98904302724c29aa6659ca372d41c9687de2b7"
		},
		{
			"ImportPath": "github.com/google/gofuzz",
			"Rev": "44d81051d367757e1c7c6a5a86423ece9afcf63c"
		},
		{
			"ImportPath": "github.com/googleapis/gnostic/OpenAPIv2",
			"Rev": "0c5108395e2debce0d731cf0287ddf7242066aba"
		},
		{
			"ImportPath": "github.com/googleapis/gnostic/compiler",
			"Rev": "0c5108395e2debce0d731cf0287ddf7242066aba"
		},
		{
			"ImportPath": "github.com/googleapis/gnostic/extensions",
			"Rev": "0c5108395e2debce0d731cf0287ddf7242066aba"
		},
		{
			"ImportPath": "github.com/gophercloud/gophercloud",
			"Rev": "2bf16b94fdd9b01557c4d076e567fe5cbbe5a961"
		},
		{
			"ImportPath": "github.com/gophercloud/gophercloud/openstack",
			"Rev": "2bf16b94fdd9b01557c4d076e567fe5cbbe5a961"
		},
		{
			"ImportPath": "github.com/gophercloud/gophercloud/openstack/blockstorage/v1/apiversions",
			"Rev": "2bf16b94fdd9b01557c4d076e567fe5cbbe5a961"
		},
		{
			"ImportPath": "github.com/gophercloud/gophercloud/openstack/blockstorage/v1/volumes",
			"Rev": "2bf16b94fdd9b01557c4d076e567fe5cbbe5a961"
		},
		{
			"ImportPath": "github.com/gophercloud/gophercloud/openstack/blockstorage/v2/volumes",
			"Rev": "2bf16b94fdd9b01557c4d076e567fe5cbbe5a961"
		},
		{
			"ImportPath": "github.com/gophercloud/gophercloud/openstack/common/extensions",
			"Rev": "2bf16b94fdd9b01557c4d076e567fe5cbbe5a961"
		},
		{
			"ImportPath": "github.com/gophercloud/gophercloud/openstack/compute/v2/extensions/attachinterfaces",
			"Rev": "2bf16b94fdd9b01557c4d076e567fe5cbbe5a961"
		},
		{
			"ImportPath": "github.com/gophercloud/gophercloud/openstack/compute/v2/extensions/volumeattach",
			"Rev": "2bf16b94fdd9b01557c4d076e567fe5cbbe5a961"
		},
		{
			"ImportPath": "github.com/gophercloud/gophercloud/openstack/compute/v2/flavors",
			"Rev": "2bf16b94fdd9b01557c4d076e567fe5cbbe5a961"
		},
		{
			"ImportPath": "github.com/gophercloud/gophercloud/openstack/compute/v2/images",
			"Rev": "2bf16b94fdd9b01557c4d076e567fe5cbbe5a961"
		},
		{
			"ImportPath": "github.com/gophercloud/gophercloud/openstack/compute/v2/servers",
			"Rev": "2bf16b94fdd9b01557c4d076e567fe5cbbe5a961"
		},
		{
			"ImportPath": "github.com/gophercloud/gophercloud/openstack/identity/v2/tenants",
			"Rev": "2bf16b94fdd9b01557c4d076e567fe5cbbe5a961"
		},
		{
			"ImportPath": "github.com/gophercloud/gophercloud/openstack/identity/v2/tokens",
			"Rev": "2bf16b94fdd9b01557c4d076e567fe5cbbe5a961"
		},
		{
			"ImportPath": "github.com/gophercloud/gophercloud/openstack/identity/v3/extensions/trusts",
			"Rev": "2bf16b94fdd9b01557c4d076e567fe5cbbe5a961"
		},
		{
			"ImportPath": "github.com/gophercloud/gophercloud/openstack/identity/v3/tokens",
			"Rev": "2bf16b94fdd9b01557c4d076e567fe5cbbe5a961"
		},
		{
			"ImportPath": "github.com/gophercloud/gophercloud/openstack/networking/v2/extensions",
			"Rev": "2bf16b94fdd9b01557c4d076e567fe5cbbe5a961"
		},
		{
			"ImportPath": "github.com/gophercloud/gophercloud/openstack/networking/v2/extensions/layer3/floatingips",
			"Rev": "2bf16b94fdd9b01557c4d076e567fe5cbbe5a961"
		},
		{
			"ImportPath": "github.com/gophercloud/gophercloud/openstack/networking/v2/extensions/layer3/routers",
			"Rev": "2bf16b94fdd9b01557c4d076e567fe5cbbe5a961"
		},
		{
			"ImportPath": "github.com/gophercloud/gophercloud/openstack/networking/v2/extensions/lbaas/members",
			"Rev": "2bf16b94fdd9b01557c4d076e567fe5cbbe5a961"
		},
		{
			"ImportPath": "github.com/gophercloud/gophercloud/openstack/networking/v2/extensions/lbaas/monitors",
			"Rev": "2bf16b94fdd9b01557c4d076e567fe5cbbe5a961"
		},
		{
			"ImportPath": "github.com/gophercloud/gophercloud/openstack/networking/v2/extensions/lbaas/pools",
			"Rev": "2bf16b94fdd9b01557c4d076e567fe5cbbe5a961"
		},
		{
			"ImportPath": "github.com/gophercloud/gophercloud/openstack/networking/v2/extensions/lbaas/vips",
			"Rev": "2bf16b94fdd9b01557c4d076e567fe5cbbe5a961"
		},
		{
			"ImportPath": "github.com/gophercloud/gophercloud/openstack/networking/v2/extensions/lbaas_v2/listeners",
			"Rev": "2bf16b94fdd9b01557c4d076e567fe5cbbe5a961"
		},
		{
			"ImportPath": "github.com/gophercloud/gophercloud/openstack/networking/v2/extensions/lbaas_v2/loadbalancers",
			"Rev": "2bf16b94fdd9b01557c4d076e567fe5cbbe5a961"
		},
		{
			"ImportPath": "github.com/gophercloud/gophercloud/openstack/networking/v2/extensions/lbaas_v2/monitors",
			"Rev": "2bf16b94fdd9b01557c4d076e567fe5cbbe5a961"
		},
		{
			"ImportPath": "github.com/gophercloud/gophercloud/openstack/networking/v2/extensions/lbaas_v2/pools",
			"Rev": "2bf16b94fdd9b01557c4d076e567fe5cbbe5a961"
		},
		{
			"ImportPath": "github.com/gophercloud/gophercloud/openstack/networking/v2/extensions/security/groups",
			"Rev": "2bf16b94fdd9b01557c4d076e567fe5cbbe5a961"
		},
		{
			"ImportPath": "github.com/gophercloud/gophercloud/openstack/networking/v2/extensions/security/rules",
			"Rev": "2bf16b94fdd9b01557c4d076e567fe5cbbe5a961"
		},
		{
			"ImportPath": "github.com/gophercloud/gophercloud/openstack/networking/v2/ports",
			"Rev": "2bf16b94fdd9b01557c4d076e567fe5cbbe5a961"
		},
		{
			"ImportPath": "github.com/gophercloud/gophercloud/openstack/utils",
			"Rev": "2bf16b94fdd9b01557c4d076e567fe5cbbe5a961"
		},
		{
			"ImportPath": "github.com/gophercloud/gophercloud/pagination",
			"Rev": "2bf16b94fdd9b01557c4d076e567fe5cbbe5a961"
		},
		{
			"ImportPath": "github.com/gorilla/context",
			"Rev": "215affda49addc4c8ef7e2534915df2c8c35c6cd"
		},
		{
			"ImportPath": "github.com/gorilla/mux",
			"Rev": "8096f47503459bcc74d1f4c487b7e6e42e5746b5"
		},
		{
			"ImportPath": "github.com/gorilla/websocket",
			"Rev": "6eb6ad425a89d9da7a5549bc6da8f79ba5c17844"
		},
		{
			"ImportPath": "github.com/gregjones/httpcache",
			"Rev": "787624de3eb7bd915c329cba748687a3b22666a6"
		},
		{
			"ImportPath": "github.com/gregjones/httpcache/diskcache",
			"Rev": "787624de3eb7bd915c329cba748687a3b22666a6"
		},
		{
			"ImportPath": "github.com/grpc-ecosystem/go-grpc-prometheus",
			"Comment": "v1.1-4-g2500245",
			"Rev": "2500245aa6110c562d17020fb31a2c133d737799"
		},
		{
			"ImportPath": "github.com/grpc-ecosystem/grpc-gateway/runtime",
			"Comment": "v1.1.0-25-g84398b9",
			"Rev": "84398b94e188ee336f307779b57b3aa91af7063c"
		},
		{
			"ImportPath": "github.com/grpc-ecosystem/grpc-gateway/runtime/internal",
			"Comment": "v1.1.0-25-g84398b9",
			"Rev": "84398b94e188ee336f307779b57b3aa91af7063c"
		},
		{
			"ImportPath": "github.com/grpc-ecosystem/grpc-gateway/utilities",
			"Comment": "v1.1.0-25-g84398b9",
			"Rev": "84398b94e188ee336f307779b57b3aa91af7063c"
		},
		{
			"ImportPath": "github.com/hashicorp/golang-lru",
			"Rev": "a0d98a5f288019575c6d1f4bb1573fef2d1fcdc4"
		},
		{
			"ImportPath": "github.com/hashicorp/golang-lru/simplelru",
			"Rev": "a0d98a5f288019575c6d1f4bb1573fef2d1fcdc4"
		},
		{
			"ImportPath": "github.com/hashicorp/hcl",
			"Rev": "d8c773c4cba11b11539e3d45f93daeaa5dcf1fa1"
		},
		{
			"ImportPath": "github.com/hashicorp/hcl/hcl/ast",
			"Rev": "d8c773c4cba11b11539e3d45f93daeaa5dcf1fa1"
		},
		{
			"ImportPath": "github.com/hashicorp/hcl/hcl/parser",
			"Rev": "d8c773c4cba11b11539e3d45f93daeaa5dcf1fa1"
		},
		{
			"ImportPath": "github.com/hashicorp/hcl/hcl/scanner",
			"Rev": "d8c773c4cba11b11539e3d45f93daeaa5dcf1fa1"
		},
		{
			"ImportPath": "github.com/hashicorp/hcl/hcl/strconv",
			"Rev": "d8c773c4cba11b11539e3d45f93daeaa5dcf1fa1"
		},
		{
			"ImportPath": "github.com/hashicorp/hcl/hcl/token",
			"Rev": "d8c773c4cba11b11539e3d45f93daeaa5dcf1fa1"
		},
		{
			"ImportPath": "github.com/hashicorp/hcl/json/parser",
			"Rev": "d8c773c4cba11b11539e3d45f93daeaa5dcf1fa1"
		},
		{
			"ImportPath": "github.com/hashicorp/hcl/json/scanner",
			"Rev": "d8c773c4cba11b11539e3d45f93daeaa5dcf1fa1"
		},
		{
			"ImportPath": "github.com/hashicorp/hcl/json/token",
			"Rev": "d8c773c4cba11b11539e3d45f93daeaa5dcf1fa1"
		},
		{
			"ImportPath": "github.com/hawkular/hawkular-client-go/metrics",
			"Comment": "v0.5.1-1-g1d46ce7",
			"Rev": "1d46ce7e1eca635f372357a8ccbf1fa7cc28b7d2"
		},
		{
			"ImportPath": "github.com/heketi/heketi/client/api/go-client",
			"Comment": "v4.0.0-95-gaaf4061",
			"Rev": "aaf40619d85fda757e7a1c1ea1b5118cea65594b"
		},
		{
			"ImportPath": "github.com/heketi/heketi/pkg/glusterfs/api",
			"Comment": "v4.0.0-95-gaaf4061",
			"Rev": "aaf40619d85fda757e7a1c1ea1b5118cea65594b"
		},
		{
			"ImportPath": "github.com/heketi/heketi/pkg/utils",
			"Comment": "v4.0.0-95-gaaf4061",
			"Rev": "aaf40619d85fda757e7a1c1ea1b5118cea65594b"
		},
		{
			"ImportPath": "github.com/howeyc/gopass",
			"Rev": "bf9dde6d0d2c004a008c27aaee91170c786f6db8"
		},
		{
			"ImportPath": "github.com/imdario/mergo",
			"Comment": "0.1.3-8-g6633656",
			"Rev": "6633656539c1639d9d78127b7d47c622b5d7b6dc"
		},
		{
			"ImportPath": "github.com/inconshreveable/mousetrap",
			"Comment": "v1.0",
			"Rev": "76626ae9c91c4f2a10f34cad8ce83ea42c93bb75"
		},
		{
			"ImportPath": "github.com/influxdata/influxdb/client",
			"Comment": "v1.1.1",
			"Rev": "e47cf1f2e83a02443d7115c54f838be8ee959644"
		},
		{
			"ImportPath": "github.com/influxdata/influxdb/client/v2",
			"Comment": "v1.1.1",
			"Rev": "e47cf1f2e83a02443d7115c54f838be8ee959644"
		},
		{
			"ImportPath": "github.com/influxdata/influxdb/models",
			"Comment": "v1.1.1",
			"Rev": "e47cf1f2e83a02443d7115c54f838be8ee959644"
		},
		{
			"ImportPath": "github.com/influxdata/influxdb/pkg/escape",
			"Comment": "v1.1.1",
			"Rev": "e47cf1f2e83a02443d7115c54f838be8ee959644"
		},
		{
			"ImportPath": "github.com/jmespath/go-jmespath",
			"Comment": "0.2.2",
			"Rev": "3433f3ea46d9f8019119e7dd41274e112a2359a9"
		},
		{
			"ImportPath": "github.com/jonboulle/clockwork",
			"Rev": "72f9bd7c4e0c2a40055ab3d0f09654f730cce982"
		},
		{
			"ImportPath": "github.com/json-iterator/go",
			"Comment": "1.1.3-22-gf2b4162",
			"Rev": "f2b4162afba35581b6d4a50d3b8f34e33c144682"
		},
		{
			"ImportPath": "github.com/jteeuwen/go-bindata",
			"Comment": "v3.0.7-72-ga0ff256",
			"Rev": "a0ff2567cfb70903282db057e799fd826784d41d"
		},
		{
			"ImportPath": "github.com/jteeuwen/go-bindata/go-bindata",
			"Comment": "v3.0.7-72-ga0ff256",
			"Rev": "a0ff2567cfb70903282db057e799fd826784d41d"
		},
		{
			"ImportPath": "github.com/juju/ratelimit",
			"Comment": "1.0",
			"Rev": "5b9ff866471762aa2ab2dced63c9fb6f53921342"
		},
		{
			"ImportPath": "github.com/kardianos/osext",
			"Rev": "8fef92e41e22a70e700a96b29f066cda30ea24ef"
		},
		{
			"ImportPath": "github.com/karlseguin/ccache",
			"Comment": "v2.0.2-5-g3ba9789",
			"Rev": "3ba9789cfd2cb7b4fb4657efc994cc1c599a648c"
		},
		{
			"ImportPath": "github.com/kr/fs",
			"Rev": "2788f0dbd16903de03cb8186e5c7d97b69ad387b"
		},
		{
			"ImportPath": "github.com/kr/pty",
			"Comment": "release.r56-29-gf7ee69f",
			"Rev": "f7ee69f31298ecbe5d2b349c711e2547a617d398"
		},
		{
			"ImportPath": "github.com/libopenstorage/openstorage/api",
			"Rev": "093a0c3888753c2056e7373183693d670c6bba01"
		},
		{
			"ImportPath": "github.com/libopenstorage/openstorage/api/client",
			"Rev": "093a0c3888753c2056e7373183693d670c6bba01"
		},
		{
			"ImportPath": "github.com/libopenstorage/openstorage/api/client/volume",
			"Rev": "093a0c3888753c2056e7373183693d670c6bba01"
		},
		{
			"ImportPath": "github.com/libopenstorage/openstorage/api/spec",
			"Rev": "093a0c3888753c2056e7373183693d670c6bba01"
		},
		{
			"ImportPath": "github.com/libopenstorage/openstorage/pkg/parser",
			"Rev": "093a0c3888753c2056e7373183693d670c6bba01"
		},
		{
			"ImportPath": "github.com/libopenstorage/openstorage/pkg/units",
			"Rev": "093a0c3888753c2056e7373183693d670c6bba01"
		},
		{
			"ImportPath": "github.com/libopenstorage/openstorage/volume",
			"Rev": "093a0c3888753c2056e7373183693d670c6bba01"
		},
		{
			"ImportPath": "github.com/lpabon/godbc",
			"Comment": "v1.0-1-g9577782",
			"Rev": "9577782540c1398b710ddae1b86268ba03a19b0c"
		},
		{
			"ImportPath": "github.com/magiconair/properties",
			"Comment": "v1.7.0-4-g61b492c",
			"Rev": "61b492c03cf472e0c6419be5899b8e0dc28b1b88"
		},
		{
			"ImportPath": "github.com/mailru/easyjson/buffer",
			"Rev": "d5b7844b561a7bc640052f1b935f7b800330d7e0"
		},
		{
			"ImportPath": "github.com/mailru/easyjson/jlexer",
			"Rev": "d5b7844b561a7bc640052f1b935f7b800330d7e0"
		},
		{
			"ImportPath": "github.com/mailru/easyjson/jwriter",
			"Rev": "d5b7844b561a7bc640052f1b935f7b800330d7e0"
		},
		{
			"ImportPath": "github.com/matttproud/golang_protobuf_extensions/pbutil",
			"Rev": "fc2b8d3a73c4867e51861bbdd5ae3c1f0869dd6a"
		},
		{
			"ImportPath": "github.com/miekg/coredns/middleware/etcd/msg",
			"Comment": "v003",
			"Rev": "20e25559d5eada5a68a0720816a6e947b94860ce"
		},
		{
			"ImportPath": "github.com/miekg/dns",
			"Rev": "5d001d020961ae1c184f9f8152fdc73810481677"
		},
		{
			"ImportPath": "github.com/mistifyio/go-zfs",
			"Comment": "v2.1.1-5-g1b4ae6f",
			"Rev": "1b4ae6fb4e77b095934d4430860ff202060169f8"
		},
		{
			"ImportPath": "github.com/mitchellh/go-wordwrap",
			"Rev": "ad45545899c7b13c020ea92b2072220eefad42b8"
		},
		{
			"ImportPath": "github.com/mitchellh/mapstructure",
			"Rev": "53818660ed4955e899c0bcafa97299a388bd7c8e"
		},
		{
			"ImportPath": "github.com/modern-go/concurrent",
			"Comment": "1.0.3",
			"Rev": "bacd9c7ef1dd9b15be4a9909b8ac7a4e313eec94"
		},
		{
			"ImportPath": "github.com/modern-go/reflect2",
			"Comment": "1.0.0-9-g05fbef0",
			"Rev": "05fbef0ca5da472bbf96c9322b84a53edc03c9fd"
		},
		{
			"ImportPath": "github.com/mohae/deepcopy",
			"Rev": "491d3605edfb866af34a48075bd4355ac1bf46ca"
		},
		{
			"ImportPath": "github.com/mreiferson/go-httpclient",
			"Rev": "31f0106b4474f14bc441575c19d3a5fa21aa1f6c"
		},
		{
			"ImportPath": "github.com/mrunalp/fileutils",
			"Rev": "4ee1cc9a80582a0c75febdd5cfa779ee4361cbca"
		},
		{
			"ImportPath": "github.com/mvdan/xurls",
			"Comment": "v0.8.0-14-g1b768d7",
			"Rev": "1b768d7c393abd8e8dda1458385a57becd4b2d4e"
		},
		{
			"ImportPath": "github.com/mxk/go-flowrate/flowrate",
			"Rev": "cca7078d478f8520f85629ad7c68962d31ed7682"
		},
		{
			"ImportPath": "github.com/onsi/ginkgo",
			"Comment": "v1.2.0-95-g67b9df7",
			"Rev": "67b9df7f55fe1165fd9ad49aca7754cce01a42b8"
		},
		{
			"ImportPath": "github.com/onsi/ginkgo/config",
			"Comment": "v1.2.0-95-g67b9df7",
			"Rev": "67b9df7f55fe1165fd9ad49aca7754cce01a42b8"
		},
		{
			"ImportPath": "github.com/onsi/ginkgo/ginkgo",
			"Comment": "v1.2.0-95-g67b9df7",
			"Rev": "67b9df7f55fe1165fd9ad49aca7754cce01a42b8"
		},
		{
			"ImportPath": "github.com/onsi/ginkgo/ginkgo/convert",
			"Comment": "v1.2.0-95-g67b9df7",
			"Rev": "67b9df7f55fe1165fd9ad49aca7754cce01a42b8"
		},
		{
			"ImportPath": "github.com/onsi/ginkgo/ginkgo/interrupthandler",
			"Comment": "v1.2.0-95-g67b9df7",
			"Rev": "67b9df7f55fe1165fd9ad49aca7754cce01a42b8"
		},
		{
			"ImportPath": "github.com/onsi/ginkgo/ginkgo/nodot",
			"Comment": "v1.2.0-95-g67b9df7",
			"Rev": "67b9df7f55fe1165fd9ad49aca7754cce01a42b8"
		},
		{
			"ImportPath": "github.com/onsi/ginkgo/ginkgo/testrunner",
			"Comment": "v1.2.0-95-g67b9df7",
			"Rev": "67b9df7f55fe1165fd9ad49aca7754cce01a42b8"
		},
		{
			"ImportPath": "github.com/onsi/ginkgo/ginkgo/testsuite",
			"Comment": "v1.2.0-95-g67b9df7",
			"Rev": "67b9df7f55fe1165fd9ad49aca7754cce01a42b8"
		},
		{
			"ImportPath": "github.com/onsi/ginkgo/ginkgo/watch",
			"Comment": "v1.2.0-95-g67b9df7",
			"Rev": "67b9df7f55fe1165fd9ad49aca7754cce01a42b8"
		},
		{
			"ImportPath": "github.com/onsi/ginkgo/internal/codelocation",
			"Comment": "v1.2.0-95-g67b9df7",
			"Rev": "67b9df7f55fe1165fd9ad49aca7754cce01a42b8"
		},
		{
			"ImportPath": "github.com/onsi/ginkgo/internal/containernode",
			"Comment": "v1.2.0-95-g67b9df7",
			"Rev": "67b9df7f55fe1165fd9ad49aca7754cce01a42b8"
		},
		{
			"ImportPath": "github.com/onsi/ginkgo/internal/failer",
			"Comment": "v1.2.0-95-g67b9df7",
			"Rev": "67b9df7f55fe1165fd9ad49aca7754cce01a42b8"
		},
		{
			"ImportPath": "github.com/onsi/ginkgo/internal/leafnodes",
			"Comment": "v1.2.0-95-g67b9df7",
			"Rev": "67b9df7f55fe1165fd9ad49aca7754cce01a42b8"
		},
		{
			"ImportPath": "github.com/onsi/ginkgo/internal/remote",
			"Comment": "v1.2.0-95-g67b9df7",
			"Rev": "67b9df7f55fe1165fd9ad49aca7754cce01a42b8"
		},
		{
			"ImportPath": "github.com/onsi/ginkgo/internal/spec",
			"Comment": "v1.2.0-95-g67b9df7",
			"Rev": "67b9df7f55fe1165fd9ad49aca7754cce01a42b8"
		},
		{
			"ImportPath": "github.com/onsi/ginkgo/internal/spec_iterator",
			"Comment": "v1.2.0-95-g67b9df7",
			"Rev": "67b9df7f55fe1165fd9ad49aca7754cce01a42b8"
		},
		{
			"ImportPath": "github.com/onsi/ginkgo/internal/specrunner",
			"Comment": "v1.2.0-95-g67b9df7",
			"Rev": "67b9df7f55fe1165fd9ad49aca7754cce01a42b8"
		},
		{
			"ImportPath": "github.com/onsi/ginkgo/internal/suite",
			"Comment": "v1.2.0-95-g67b9df7",
			"Rev": "67b9df7f55fe1165fd9ad49aca7754cce01a42b8"
		},
		{
			"ImportPath": "github.com/onsi/ginkgo/internal/testingtproxy",
			"Comment": "v1.2.0-95-g67b9df7",
			"Rev": "67b9df7f55fe1165fd9ad49aca7754cce01a42b8"
		},
		{
			"ImportPath": "github.com/onsi/ginkgo/internal/writer",
			"Comment": "v1.2.0-95-g67b9df7",
			"Rev": "67b9df7f55fe1165fd9ad49aca7754cce01a42b8"
		},
		{
			"ImportPath": "github.com/onsi/ginkgo/reporters",
			"Comment": "v1.2.0-95-g67b9df7",
			"Rev": "67b9df7f55fe1165fd9ad49aca7754cce01a42b8"
		},
		{
			"ImportPath": "github.com/onsi/ginkgo/reporters/stenographer",
			"Comment": "v1.2.0-95-g67b9df7",
			"Rev": "67b9df7f55fe1165fd9ad49aca7754cce01a42b8"
		},
		{
			"ImportPath": "github.com/onsi/ginkgo/reporters/stenographer/support/go-colorable",
			"Comment": "v1.2.0-95-g67b9df7",
			"Rev": "67b9df7f55fe1165fd9ad49aca7754cce01a42b8"
		},
		{
			"ImportPath": "github.com/onsi/ginkgo/reporters/stenographer/support/go-isatty",
			"Comment": "v1.2.0-95-g67b9df7",
			"Rev": "67b9df7f55fe1165fd9ad49aca7754cce01a42b8"
		},
		{
			"ImportPath": "github.com/onsi/ginkgo/types",
			"Comment": "v1.2.0-95-g67b9df7",
			"Rev": "67b9df7f55fe1165fd9ad49aca7754cce01a42b8"
		},
		{
			"ImportPath": "github.com/onsi/gomega",
			"Comment": "v1.0-122-gd59fa0a",
			"Rev": "d59fa0ac68bb5dd932ee8d24eed631cdd519efc3"
		},
		{
			"ImportPath": "github.com/onsi/gomega/format",
			"Comment": "v1.0-122-gd59fa0a",
			"Rev": "d59fa0ac68bb5dd932ee8d24eed631cdd519efc3"
		},
		{
			"ImportPath": "github.com/onsi/gomega/gstruct",
			"Comment": "v1.0-122-gd59fa0a",
			"Rev": "d59fa0ac68bb5dd932ee8d24eed631cdd519efc3"
		},
		{
			"ImportPath": "github.com/onsi/gomega/gstruct/errors",
			"Comment": "v1.0-122-gd59fa0a",
			"Rev": "d59fa0ac68bb5dd932ee8d24eed631cdd519efc3"
		},
		{
			"ImportPath": "github.com/onsi/gomega/internal/assertion",
			"Comment": "v1.0-122-gd59fa0a",
			"Rev": "d59fa0ac68bb5dd932ee8d24eed631cdd519efc3"
		},
		{
			"ImportPath": "github.com/onsi/gomega/internal/asyncassertion",
			"Comment": "v1.0-122-gd59fa0a",
			"Rev": "d59fa0ac68bb5dd932ee8d24eed631cdd519efc3"
		},
		{
			"ImportPath": "github.com/onsi/gomega/internal/oraclematcher",
			"Comment": "v1.0-122-gd59fa0a",
			"Rev": "d59fa0ac68bb5dd932ee8d24eed631cdd519efc3"
		},
		{
			"ImportPath": "github.com/onsi/gomega/internal/testingtsupport",
			"Comment": "v1.0-122-gd59fa0a",
			"Rev": "d59fa0ac68bb5dd932ee8d24eed631cdd519efc3"
		},
		{
			"ImportPath": "github.com/onsi/gomega/matchers",
			"Comment": "v1.0-122-gd59fa0a",
			"Rev": "d59fa0ac68bb5dd932ee8d24eed631cdd519efc3"
		},
		{
			"ImportPath": "github.com/onsi/gomega/matchers/support/goraph/bipartitegraph",
			"Comment": "v1.0-122-gd59fa0a",
			"Rev": "d59fa0ac68bb5dd932ee8d24eed631cdd519efc3"
		},
		{
			"ImportPath": "github.com/onsi/gomega/matchers/support/goraph/edge",
			"Comment": "v1.0-122-gd59fa0a",
			"Rev": "d59fa0ac68bb5dd932ee8d24eed631cdd519efc3"
		},
		{
			"ImportPath": "github.com/onsi/gomega/matchers/support/goraph/node",
			"Comment": "v1.0-122-gd59fa0a",
			"Rev": "d59fa0ac68bb5dd932ee8d24eed631cdd519efc3"
		},
		{
			"ImportPath": "github.com/onsi/gomega/matchers/support/goraph/util",
			"Comment": "v1.0-122-gd59fa0a",
			"Rev": "d59fa0ac68bb5dd932ee8d24eed631cdd519efc3"
		},
		{
			"ImportPath": "github.com/onsi/gomega/types",
			"Comment": "v1.0-122-gd59fa0a",
			"Rev": "d59fa0ac68bb5dd932ee8d24eed631cdd519efc3"
		},
		{
			"ImportPath": "github.com/opencontainers/go-digest",
			"Rev": "a6d0ee40d4207ea02364bd3b9e8e77b9159ba1eb"
		},
		{
			"ImportPath": "github.com/opencontainers/image-spec/specs-go",
			"Comment": "v1.0.0-rc6-12-g372ad78",
			"Rev": "372ad780f63454fbbbbcc7cf80e5b90245c13e13"
		},
		{
			"ImportPath": "github.com/opencontainers/image-spec/specs-go/v1",
			"Comment": "v1.0.0-rc6-12-g372ad78",
			"Rev": "372ad780f63454fbbbbcc7cf80e5b90245c13e13"
		},
		{
			"ImportPath": "github.com/opencontainers/runc/libcontainer",
			"Comment": "v1.0.0-rc4-50-g4d6e6720",
			"Rev": "4d6e6720a7c885c37b4cb083c0d372dda3425120"
		},
		{
			"ImportPath": "github.com/opencontainers/runc/libcontainer/apparmor",
			"Comment": "v1.0.0-rc4-50-g4d6e6720",
			"Rev": "4d6e6720a7c885c37b4cb083c0d372dda3425120"
		},
		{
			"ImportPath": "github.com/opencontainers/runc/libcontainer/cgroups",
			"Comment": "v1.0.0-rc4-50-g4d6e6720",
			"Rev": "4d6e6720a7c885c37b4cb083c0d372dda3425120"
		},
		{
			"ImportPath": "github.com/opencontainers/runc/libcontainer/cgroups/fs",
			"Comment": "v1.0.0-rc4-50-g4d6e6720",
			"Rev": "4d6e6720a7c885c37b4cb083c0d372dda3425120"
		},
		{
			"ImportPath": "github.com/opencontainers/runc/libcontainer/cgroups/rootless",
			"Comment": "v1.0.0-rc4-50-g4d6e6720",
			"Rev": "4d6e6720a7c885c37b4cb083c0d372dda3425120"
		},
		{
			"ImportPath": "github.com/opencontainers/runc/libcontainer/cgroups/systemd",
			"Comment": "v1.0.0-rc4-50-g4d6e6720",
			"Rev": "4d6e6720a7c885c37b4cb083c0d372dda3425120"
		},
		{
			"ImportPath": "github.com/opencontainers/runc/libcontainer/configs",
			"Comment": "v1.0.0-rc4-50-g4d6e6720",
			"Rev": "4d6e6720a7c885c37b4cb083c0d372dda3425120"
		},
		{
			"ImportPath": "github.com/opencontainers/runc/libcontainer/configs/validate",
			"Comment": "v1.0.0-rc4-50-g4d6e6720",
			"Rev": "4d6e6720a7c885c37b4cb083c0d372dda3425120"
		},
		{
			"ImportPath": "github.com/opencontainers/runc/libcontainer/criurpc",
			"Comment": "v1.0.0-rc4-50-g4d6e6720",
			"Rev": "4d6e6720a7c885c37b4cb083c0d372dda3425120"
		},
		{
			"ImportPath": "github.com/opencontainers/runc/libcontainer/keys",
			"Comment": "v1.0.0-rc4-50-g4d6e6720",
			"Rev": "4d6e6720a7c885c37b4cb083c0d372dda3425120"
		},
		{
			"ImportPath": "github.com/opencontainers/runc/libcontainer/seccomp",
			"Comment": "v1.0.0-rc4-50-g4d6e6720",
			"Rev": "4d6e6720a7c885c37b4cb083c0d372dda3425120"
		},
		{
			"ImportPath": "github.com/opencontainers/runc/libcontainer/stacktrace",
			"Comment": "v1.0.0-rc4-50-g4d6e6720",
			"Rev": "4d6e6720a7c885c37b4cb083c0d372dda3425120"
		},
		{
			"ImportPath": "github.com/opencontainers/runc/libcontainer/system",
			"Comment": "v1.0.0-rc4-50-g4d6e6720",
			"Rev": "4d6e6720a7c885c37b4cb083c0d372dda3425120"
		},
		{
			"ImportPath": "github.com/opencontainers/runc/libcontainer/user",
			"Comment": "v1.0.0-rc4-50-g4d6e6720",
			"Rev": "4d6e6720a7c885c37b4cb083c0d372dda3425120"
		},
		{
			"ImportPath": "github.com/opencontainers/runc/libcontainer/utils",
			"Comment": "v1.0.0-rc4-50-g4d6e6720",
			"Rev": "4d6e6720a7c885c37b4cb083c0d372dda3425120"
		},
		{
			"ImportPath": "github.com/opencontainers/runtime-spec/specs-go",
			"Comment": "v1.0.0",
			"Rev": "02137cd4e50b37a01665e1731fcd4ac2d2178230"
		},
		{
			"ImportPath": "github.com/opencontainers/selinux/go-selinux",
			"Comment": "v1.0.0-rc1-5-g4a2974b",
			"Rev": "4a2974bf1ee960774ffd517717f1f45325af0206"
		},
		{
			"ImportPath": "github.com/opencontainers/selinux/go-selinux/label",
			"Comment": "v1.0.0-rc1-5-g4a2974b",
			"Rev": "4a2974bf1ee960774ffd517717f1f45325af0206"
		},
		{
			"ImportPath": "github.com/pborman/uuid",
			"Rev": "ca53cad383cad2479bbba7f7a1a05797ec1386e4"
		},
		{
			"ImportPath": "github.com/pelletier/go-buffruneio",
			"Comment": "v0.1.0",
			"Rev": "df1e16fde7fc330a0ca68167c23bf7ed6ac31d6d"
		},
		{
			"ImportPath": "github.com/pelletier/go-toml",
			"Comment": "v0.3.5-10-g0049ab3",
			"Rev": "0049ab3dc4c4c70a9eee23087437b69c0dde2130"
		},
		{
			"ImportPath": "github.com/peterbourgon/diskv",
			"Comment": "v2.0.1",
			"Rev": "5f041e8faa004a95c88a202771f4cc3e991971e6"
		},
		{
			"ImportPath": "github.com/pkg/errors",
			"Comment": "v0.7.0-13-ga221380",
			"Rev": "a22138067af1c4942683050411a841ade67fe1eb"
		},
		{
			"ImportPath": "github.com/pkg/sftp",
			"Rev": "4d0e916071f68db74f8a73926335f809396d6b42"
		},
		{
			"ImportPath": "github.com/pmezard/go-difflib/difflib",
			"Rev": "d8ed2627bdf02c080bf22230dbb337003b7aba2d"
		},
		{
			"ImportPath": "github.com/prometheus/client_golang/prometheus",
			"Comment": "v0.8.0-83-ge7e9030",
			"Rev": "e7e903064f5e9eb5da98208bae10b475d4db0f8c"
		},
		{
			"ImportPath": "github.com/prometheus/client_golang/prometheus/promhttp",
			"Comment": "v0.8.0-83-ge7e9030",
			"Rev": "e7e903064f5e9eb5da98208bae10b475d4db0f8c"
		},
		{
			"ImportPath": "github.com/prometheus/client_model/go",
			"Comment": "model-0.0.2-12-gfa8ad6f",
			"Rev": "fa8ad6fec33561be4280a8f0514318c79d7f6cb6"
		},
		{
			"ImportPath": "github.com/prometheus/common/expfmt",
			"Rev": "13ba4ddd0caa9c28ca7b7bffe1dfa9ed8d5ef207"
		},
		{
			"ImportPath": "github.com/prometheus/common/internal/bitbucket.org/ww/goautoneg",
			"Rev": "13ba4ddd0caa9c28ca7b7bffe1dfa9ed8d5ef207"
		},
		{
			"ImportPath": "github.com/prometheus/common/model",
			"Rev": "13ba4ddd0caa9c28ca7b7bffe1dfa9ed8d5ef207"
		},
		{
			"ImportPath": "github.com/prometheus/procfs",
			"Rev": "65c1f6f8f0fc1e2185eb9863a3bc751496404259"
		},
		{
			"ImportPath": "github.com/prometheus/procfs/xfs",
			"Rev": "65c1f6f8f0fc1e2185eb9863a3bc751496404259"
		},
		{
			"ImportPath": "github.com/quobyte/api",
			"Rev": "cb10db90715b14d4784465d2fa3b915dfacc0628"
		},
		{
			"ImportPath": "github.com/rackspace/gophercloud",
			"Comment": "v1.0.0-1012-ge00690e8",
			"Rev": "e00690e87603abe613e9f02c816c7c4bef82e063"
		},
		{
			"ImportPath": "github.com/rackspace/gophercloud/openstack",
			"Comment": "v1.0.0-1012-ge00690e8",
			"Rev": "e00690e87603abe613e9f02c816c7c4bef82e063"
		},
		{
			"ImportPath": "github.com/rackspace/gophercloud/openstack/blockstorage/v1/volumes",
			"Comment": "v1.0.0-1012-ge00690e8",
			"Rev": "e00690e87603abe613e9f02c816c7c4bef82e063"
		},
		{
			"ImportPath": "github.com/rackspace/gophercloud/openstack/compute/v2/extensions/bootfromvolume",
			"Comment": "v1.0.0-1012-ge00690e8",
			"Rev": "e00690e87603abe613e9f02c816c7c4bef82e063"
		},
		{
			"ImportPath": "github.com/rackspace/gophercloud/openstack/compute/v2/extensions/diskconfig",
			"Comment": "v1.0.0-1012-ge00690e8",
			"Rev": "e00690e87603abe613e9f02c816c7c4bef82e063"
		},
		{
			"ImportPath": "github.com/rackspace/gophercloud/openstack/compute/v2/extensions/volumeattach",
			"Comment": "v1.0.0-1012-ge00690e8",
			"Rev": "e00690e87603abe613e9f02c816c7c4bef82e063"
		},
		{
			"ImportPath": "github.com/rackspace/gophercloud/openstack/compute/v2/flavors",
			"Comment": "v1.0.0-1012-ge00690e8",
			"Rev": "e00690e87603abe613e9f02c816c7c4bef82e063"
		},
		{
			"ImportPath": "github.com/rackspace/gophercloud/openstack/compute/v2/images",
			"Comment": "v1.0.0-1012-ge00690e8",
			"Rev": "e00690e87603abe613e9f02c816c7c4bef82e063"
		},
		{
			"ImportPath": "github.com/rackspace/gophercloud/openstack/compute/v2/servers",
			"Comment": "v1.0.0-1012-ge00690e8",
			"Rev": "e00690e87603abe613e9f02c816c7c4bef82e063"
		},
		{
			"ImportPath": "github.com/rackspace/gophercloud/openstack/identity/v2/tenants",
			"Comment": "v1.0.0-1012-ge00690e8",
			"Rev": "e00690e87603abe613e9f02c816c7c4bef82e063"
		},
		{
			"ImportPath": "github.com/rackspace/gophercloud/openstack/identity/v2/tokens",
			"Comment": "v1.0.0-1012-ge00690e8",
			"Rev": "e00690e87603abe613e9f02c816c7c4bef82e063"
		},
		{
			"ImportPath": "github.com/rackspace/gophercloud/openstack/identity/v3/tokens",
			"Comment": "v1.0.0-1012-ge00690e8",
			"Rev": "e00690e87603abe613e9f02c816c7c4bef82e063"
		},
		{
			"ImportPath": "github.com/rackspace/gophercloud/openstack/utils",
			"Comment": "v1.0.0-1012-ge00690e8",
			"Rev": "e00690e87603abe613e9f02c816c7c4bef82e063"
		},
		{
			"ImportPath": "github.com/rackspace/gophercloud/pagination",
			"Comment": "v1.0.0-1012-ge00690e8",
			"Rev": "e00690e87603abe613e9f02c816c7c4bef82e063"
		},
		{
			"ImportPath": "github.com/rackspace/gophercloud/rackspace",
			"Comment": "v1.0.0-1012-ge00690e8",
			"Rev": "e00690e87603abe613e9f02c816c7c4bef82e063"
		},
		{
			"ImportPath": "github.com/rackspace/gophercloud/rackspace/blockstorage/v1/volumes",
			"Comment": "v1.0.0-1012-ge00690e8",
			"Rev": "e00690e87603abe613e9f02c816c7c4bef82e063"
		},
		{
			"ImportPath": "github.com/rackspace/gophercloud/rackspace/compute/v2/servers",
			"Comment": "v1.0.0-1012-ge00690e8",
			"Rev": "e00690e87603abe613e9f02c816c7c4bef82e063"
		},
		{
			"ImportPath": "github.com/rackspace/gophercloud/rackspace/compute/v2/volumeattach",
			"Comment": "v1.0.0-1012-ge00690e8",
			"Rev": "e00690e87603abe613e9f02c816c7c4bef82e063"
		},
		{
			"ImportPath": "github.com/rackspace/gophercloud/rackspace/identity/v2/tokens",
			"Comment": "v1.0.0-1012-ge00690e8",
			"Rev": "e00690e87603abe613e9f02c816c7c4bef82e063"
		},
		{
			"ImportPath": "github.com/rackspace/gophercloud/testhelper",
			"Comment": "v1.0.0-1012-ge00690e8",
			"Rev": "e00690e87603abe613e9f02c816c7c4bef82e063"
		},
		{
			"ImportPath": "github.com/rackspace/gophercloud/testhelper/client",
			"Comment": "v1.0.0-1012-ge00690e8",
			"Rev": "e00690e87603abe613e9f02c816c7c4bef82e063"
		},
		{
			"ImportPath": "github.com/rancher/go-rancher/client",
			"Comment": "v0.1.0-196-g09693a8",
			"Rev": "09693a8743ba5ee58c58c1b1e8a4abd17af00d45"
		},
		{
			"ImportPath": "github.com/renstrom/dedent",
			"Comment": "v1.0.0-3-g020d11c",
			"Rev": "020d11c3b9c0c7a3c2efcc8e5cf5b9ef7bcea21f"
		},
		{
			"ImportPath": "github.com/robfig/cron",
			"Comment": "v1-53-gdf38d32",
			"Rev": "df38d32658d8788cd446ba74db4bb5375c4b0cb3"
		},
		{
			"ImportPath": "github.com/rubiojr/go-vhd/vhd",
			"Rev": "0bfd3b39853cdde5762efda92289f14b0ac0491b"
		},
		{
			"ImportPath": "github.com/russross/blackfriday",
			"Comment": "v1.4-2-g300106c",
			"Rev": "300106c228d52c8941d4b3de6054a6062a86dda3"
		},
		{
			"ImportPath": "github.com/satori/uuid",
			"Comment": "v1.1.0-8-g5bf94b6",
			"Rev": "5bf94b69c6b68ee1b541973bb8e1144db23a194b"
		},
		{
			"ImportPath": "github.com/seccomp/libseccomp-golang",
			"Rev": "1b506fc7c24eec5a3693cdcbed40d9c226cfc6a1"
		},
		{
			"ImportPath": "github.com/shurcooL/sanitized_anchor_name",
			"Rev": "10ef21a441db47d8b13ebcc5fd2310f636973c77"
		},
		{
			"ImportPath": "github.com/sirupsen/logrus",
			"Comment": "v1.0.3-11-g89742ae",
			"Rev": "89742aefa4b206dcf400792f3bd35b542998eb3b"
		},
		{
			"ImportPath": "github.com/spf13/afero",
			"Rev": "b28a7effac979219c2a2ed6205a4d70e4b1bcd02"
		},
		{
			"ImportPath": "github.com/spf13/afero/mem",
			"Rev": "b28a7effac979219c2a2ed6205a4d70e4b1bcd02"
		},
		{
			"ImportPath": "github.com/spf13/afero/sftp",
			"Rev": "b28a7effac979219c2a2ed6205a4d70e4b1bcd02"
		},
		{
			"ImportPath": "github.com/spf13/cast",
			"Rev": "e31f36ffc91a2ba9ddb72a4b6a607ff9b3d3cb63"
		},
		{
			"ImportPath": "github.com/spf13/cobra",
			"Rev": "f62e98d28ab7ad31d707ba837a966378465c7b57"
		},
		{
			"ImportPath": "github.com/spf13/cobra/doc",
			"Rev": "f62e98d28ab7ad31d707ba837a966378465c7b57"
		},
		{
			"ImportPath": "github.com/spf13/jwalterweatherman",
			"Rev": "33c24e77fb80341fe7130ee7c594256ff08ccc46"
		},
		{
			"ImportPath": "github.com/spf13/pflag",
			"Rev": "9ff6c6923cfffbcd502984b8e0c80539a94968b7"
		},
		{
			"ImportPath": "github.com/spf13/viper",
			"Rev": "7fb2782df3d83e0036cc89f461ed0422628776f4"
		},
		{
			"ImportPath": "github.com/square/go-jose",
			"Rev": "789a4c4bd4c118f7564954f441b29c153ccd6a96"
		},
		{
			"ImportPath": "github.com/square/go-jose/cipher",
			"Rev": "789a4c4bd4c118f7564954f441b29c153ccd6a96"
		},
		{
			"ImportPath": "github.com/square/go-jose/json",
			"Rev": "789a4c4bd4c118f7564954f441b29c153ccd6a96"
		},
		{
			"ImportPath": "github.com/storageos/go-api",
			"Rev": "74f9beb613cacf0cc282facc2e1550a3231e126f"
		},
		{
			"ImportPath": "github.com/storageos/go-api/types",
			"Rev": "74f9beb613cacf0cc282facc2e1550a3231e126f"
		},
		{
			"ImportPath": "github.com/stretchr/objx",
			"Rev": "1a9d0bb9f541897e62256577b352fdbc1fb4fd94"
		},
		{
			"ImportPath": "github.com/stretchr/testify/assert",
			"Comment": "v1.1.4-66-gf6abca5",
			"Rev": "f6abca593680b2315d2075e0f5e2a9751e3f431a"
		},
		{
			"ImportPath": "github.com/stretchr/testify/mock",
			"Comment": "v1.1.4-66-gf6abca5",
			"Rev": "f6abca593680b2315d2075e0f5e2a9751e3f431a"
		},
		{
			"ImportPath": "github.com/stretchr/testify/require",
			"Comment": "v1.1.4-66-gf6abca5",
			"Rev": "f6abca593680b2315d2075e0f5e2a9751e3f431a"
		},
		{
			"ImportPath": "github.com/syndtr/gocapability/capability",
			"Rev": "e7cb7fa329f456b3855136a2642b197bad7366ba"
		},
		{
			"ImportPath": "github.com/ugorji/go/codec",
			"Rev": "ded73eae5db7e7a0ef6f55aace87a2873c5d2b74"
		},
		{
			"ImportPath": "github.com/vishvananda/netlink",
			"Rev": "f5a6f697a596c788d474984a38a0ac4ba0719e93"
		},
		{
			"ImportPath": "github.com/vishvananda/netlink/nl",
			"Rev": "f5a6f697a596c788d474984a38a0ac4ba0719e93"
		},
		{
			"ImportPath": "github.com/vishvananda/netns",
			"Rev": "86bef332bfc3b59b7624a600bd53009ce91a9829"
		},
		{
			"ImportPath": "github.com/vmware/govmomi",
			"Comment": "v0.14.0-11-gb8b228c",
			"Rev": "b8b228cfbad7f0a69ed90393ca9aee085d3c6ef1"
		},
		{
			"ImportPath": "github.com/vmware/govmomi/find",
			"Comment": "v0.14.0-11-gb8b228c",
			"Rev": "b8b228cfbad7f0a69ed90393ca9aee085d3c6ef1"
		},
		{
			"ImportPath": "github.com/vmware/govmomi/list",
			"Comment": "v0.14.0-11-gb8b228c",
			"Rev": "b8b228cfbad7f0a69ed90393ca9aee085d3c6ef1"
		},
		{
			"ImportPath": "github.com/vmware/govmomi/object",
			"Comment": "v0.14.0-11-gb8b228c",
			"Rev": "b8b228cfbad7f0a69ed90393ca9aee085d3c6ef1"
		},
		{
			"ImportPath": "github.com/vmware/govmomi/pbm",
			"Comment": "v0.14.0-11-gb8b228c",
			"Rev": "b8b228cfbad7f0a69ed90393ca9aee085d3c6ef1"
		},
		{
			"ImportPath": "github.com/vmware/govmomi/pbm/methods",
			"Comment": "v0.14.0-11-gb8b228c",
			"Rev": "b8b228cfbad7f0a69ed90393ca9aee085d3c6ef1"
		},
		{
			"ImportPath": "github.com/vmware/govmomi/pbm/types",
			"Comment": "v0.14.0-11-gb8b228c",
			"Rev": "b8b228cfbad7f0a69ed90393ca9aee085d3c6ef1"
		},
		{
			"ImportPath": "github.com/vmware/govmomi/property",
			"Comment": "v0.14.0-11-gb8b228c",
			"Rev": "b8b228cfbad7f0a69ed90393ca9aee085d3c6ef1"
		},
		{
			"ImportPath": "github.com/vmware/govmomi/session",
			"Comment": "v0.14.0-11-gb8b228c",
			"Rev": "b8b228cfbad7f0a69ed90393ca9aee085d3c6ef1"
		},
		{
			"ImportPath": "github.com/vmware/govmomi/task",
			"Comment": "v0.14.0-11-gb8b228c",
			"Rev": "b8b228cfbad7f0a69ed90393ca9aee085d3c6ef1"
		},
		{
			"ImportPath": "github.com/vmware/govmomi/vim25",
			"Comment": "v0.14.0-11-gb8b228c",
			"Rev": "b8b228cfbad7f0a69ed90393ca9aee085d3c6ef1"
		},
		{
			"ImportPath": "github.com/vmware/govmomi/vim25/debug",
			"Comment": "v0.14.0-11-gb8b228c",
			"Rev": "b8b228cfbad7f0a69ed90393ca9aee085d3c6ef1"
		},
		{
			"ImportPath": "github.com/vmware/govmomi/vim25/methods",
			"Comment": "v0.14.0-11-gb8b228c",
			"Rev": "b8b228cfbad7f0a69ed90393ca9aee085d3c6ef1"
		},
		{
			"ImportPath": "github.com/vmware/govmomi/vim25/mo",
			"Comment": "v0.14.0-11-gb8b228c",
			"Rev": "b8b228cfbad7f0a69ed90393ca9aee085d3c6ef1"
		},
		{
			"ImportPath": "github.com/vmware/govmomi/vim25/progress",
			"Comment": "v0.14.0-11-gb8b228c",
			"Rev": "b8b228cfbad7f0a69ed90393ca9aee085d3c6ef1"
		},
		{
			"ImportPath": "github.com/vmware/govmomi/vim25/soap",
			"Comment": "v0.14.0-11-gb8b228c",
			"Rev": "b8b228cfbad7f0a69ed90393ca9aee085d3c6ef1"
		},
		{
			"ImportPath": "github.com/vmware/govmomi/vim25/types",
			"Comment": "v0.14.0-11-gb8b228c",
			"Rev": "b8b228cfbad7f0a69ed90393ca9aee085d3c6ef1"
		},
		{
			"ImportPath": "github.com/vmware/govmomi/vim25/xml",
			"Comment": "v0.14.0-11-gb8b228c",
			"Rev": "b8b228cfbad7f0a69ed90393ca9aee085d3c6ef1"
		},
		{
			"ImportPath": "github.com/vmware/photon-controller-go-sdk/SSPI",
			"Comment": "PROMOTED-488",
			"Rev": "4a435daef6ccd3d0edaac1161e76f51a70c2589a"
		},
		{
			"ImportPath": "github.com/vmware/photon-controller-go-sdk/photon",
			"Comment": "PROMOTED-488",
			"Rev": "4a435daef6ccd3d0edaac1161e76f51a70c2589a"
		},
		{
			"ImportPath": "github.com/vmware/photon-controller-go-sdk/photon/lightwave",
			"Comment": "PROMOTED-488",
			"Rev": "4a435daef6ccd3d0edaac1161e76f51a70c2589a"
		},
		{
			"ImportPath": "github.com/xanzy/go-cloudstack/cloudstack",
			"Comment": "v2.1.1-1-g1e2cbf6",
			"Rev": "1e2cbf647e57fa90353612074fdfc42faf5073bf"
		},
		{
			"ImportPath": "github.com/xiang90/probing",
			"Comment": "0.0.1",
			"Rev": "07dd2e8dfe18522e9c447ba95f2fe95262f63bb2"
		},
		{
			"ImportPath": "github.com/xyproto/simpleredis",
			"Comment": "v1.0-13-g5292687",
			"Rev": "5292687f5379e01054407da44d7c4590a61fd3de"
		},
		{
			"ImportPath": "go4.org/errorutil",
			"Rev": "03efcb870d84809319ea509714dd6d19a1498483"
		},
		{
			"ImportPath": "golang.org/x/crypto/bcrypt",
			"Rev": "81e90905daefcd6fd217b62423c0908922eadb30"
		},
		{
			"ImportPath": "golang.org/x/crypto/blowfish",
			"Rev": "81e90905daefcd6fd217b62423c0908922eadb30"
		},
		{
			"ImportPath": "golang.org/x/crypto/curve25519",
			"Rev": "81e90905daefcd6fd217b62423c0908922eadb30"
		},
		{
			"ImportPath": "golang.org/x/crypto/ed25519",
			"Rev": "81e90905daefcd6fd217b62423c0908922eadb30"
		},
		{
			"ImportPath": "golang.org/x/crypto/ed25519/internal/edwards25519",
			"Rev": "81e90905daefcd6fd217b62423c0908922eadb30"
		},
		{
			"ImportPath": "golang.org/x/crypto/nacl/secretbox",
			"Rev": "81e90905daefcd6fd217b62423c0908922eadb30"
		},
		{
			"ImportPath": "golang.org/x/crypto/pkcs12",
			"Rev": "81e90905daefcd6fd217b62423c0908922eadb30"
		},
		{
			"ImportPath": "golang.org/x/crypto/pkcs12/internal/rc2",
			"Rev": "81e90905daefcd6fd217b62423c0908922eadb30"
		},
		{
			"ImportPath": "golang.org/x/crypto/poly1305",
			"Rev": "81e90905daefcd6fd217b62423c0908922eadb30"
		},
		{
			"ImportPath": "golang.org/x/crypto/salsa20/salsa",
			"Rev": "81e90905daefcd6fd217b62423c0908922eadb30"
		},
		{
			"ImportPath": "golang.org/x/crypto/ssh",
			"Rev": "81e90905daefcd6fd217b62423c0908922eadb30"
		},
		{
			"ImportPath": "golang.org/x/crypto/ssh/terminal",
			"Rev": "81e90905daefcd6fd217b62423c0908922eadb30"
		},
		{
			"ImportPath": "golang.org/x/exp/inotify",
			"Rev": "292a51b8d262487dab23a588950e8052d63d9113"
		},
		{
			"ImportPath": "golang.org/x/net/context",
			"Rev": "1c05540f6879653db88113bc4a2b70aec4bd491f"
		},
		{
			"ImportPath": "golang.org/x/net/context/ctxhttp",
			"Rev": "1c05540f6879653db88113bc4a2b70aec4bd491f"
		},
		{
			"ImportPath": "golang.org/x/net/html",
			"Rev": "1c05540f6879653db88113bc4a2b70aec4bd491f"
		},
		{
			"ImportPath": "golang.org/x/net/html/atom",
			"Rev": "1c05540f6879653db88113bc4a2b70aec4bd491f"
		},
		{
			"ImportPath": "golang.org/x/net/http2",
			"Rev": "1c05540f6879653db88113bc4a2b70aec4bd491f"
		},
		{
			"ImportPath": "golang.org/x/net/http2/hpack",
			"Rev": "1c05540f6879653db88113bc4a2b70aec4bd491f"
		},
		{
			"ImportPath": "golang.org/x/net/idna",
			"Rev": "1c05540f6879653db88113bc4a2b70aec4bd491f"
		},
		{
			"ImportPath": "golang.org/x/net/internal/timeseries",
			"Rev": "1c05540f6879653db88113bc4a2b70aec4bd491f"
		},
		{
			"ImportPath": "golang.org/x/net/lex/httplex",
			"Rev": "1c05540f6879653db88113bc4a2b70aec4bd491f"
		},
		{
			"ImportPath": "golang.org/x/net/proxy",
			"Rev": "1c05540f6879653db88113bc4a2b70aec4bd491f"
		},
		{
			"ImportPath": "golang.org/x/net/trace",
			"Rev": "1c05540f6879653db88113bc4a2b70aec4bd491f"
		},
		{
			"ImportPath": "golang.org/x/net/websocket",
			"Rev": "1c05540f6879653db88113bc4a2b70aec4bd491f"
		},
		{
			"ImportPath": "golang.org/x/oauth2",
			"Rev": "a6bd8cefa1811bd24b86f8902872e4e8225f74c4"
		},
		{
			"ImportPath": "golang.org/x/oauth2/google",
			"Rev": "a6bd8cefa1811bd24b86f8902872e4e8225f74c4"
		},
		{
			"ImportPath": "golang.org/x/oauth2/internal",
			"Rev": "a6bd8cefa1811bd24b86f8902872e4e8225f74c4"
		},
		{
			"ImportPath": "golang.org/x/oauth2/jws",
			"Rev": "a6bd8cefa1811bd24b86f8902872e4e8225f74c4"
		},
		{
			"ImportPath": "golang.org/x/oauth2/jwt",
			"Rev": "a6bd8cefa1811bd24b86f8902872e4e8225f74c4"
		},
		{
			"ImportPath": "golang.org/x/sys/unix",
			"Rev": "7ddbeae9ae08c6a06a59597f0c9edbc5ff2444ce"
		},
		{
			"ImportPath": "golang.org/x/sys/windows",
			"Rev": "7ddbeae9ae08c6a06a59597f0c9edbc5ff2444ce"
		},
		{
			"ImportPath": "golang.org/x/text/cases",
			"Rev": "b19bf474d317b857955b12035d2c5acb57ce8b01"
		},
		{
			"ImportPath": "golang.org/x/text/encoding",
			"Rev": "b19bf474d317b857955b12035d2c5acb57ce8b01"
		},
		{
			"ImportPath": "golang.org/x/text/encoding/internal",
			"Rev": "b19bf474d317b857955b12035d2c5acb57ce8b01"
		},
		{
			"ImportPath": "golang.org/x/text/encoding/internal/identifier",
			"Rev": "b19bf474d317b857955b12035d2c5acb57ce8b01"
		},
		{
			"ImportPath": "golang.org/x/text/encoding/unicode",
			"Rev": "b19bf474d317b857955b12035d2c5acb57ce8b01"
		},
		{
			"ImportPath": "golang.org/x/text/internal",
			"Rev": "b19bf474d317b857955b12035d2c5acb57ce8b01"
		},
		{
			"ImportPath": "golang.org/x/text/internal/tag",
			"Rev": "b19bf474d317b857955b12035d2c5acb57ce8b01"
		},
		{
			"ImportPath": "golang.org/x/text/internal/utf8internal",
			"Rev": "b19bf474d317b857955b12035d2c5acb57ce8b01"
		},
		{
			"ImportPath": "golang.org/x/text/language",
			"Rev": "b19bf474d317b857955b12035d2c5acb57ce8b01"
		},
		{
			"ImportPath": "golang.org/x/text/runes",
			"Rev": "b19bf474d317b857955b12035d2c5acb57ce8b01"
		},
		{
			"ImportPath": "golang.org/x/text/secure/bidirule",
			"Rev": "b19bf474d317b857955b12035d2c5acb57ce8b01"
		},
		{
			"ImportPath": "golang.org/x/text/secure/precis",
			"Rev": "b19bf474d317b857955b12035d2c5acb57ce8b01"
		},
		{
			"ImportPath": "golang.org/x/text/transform",
			"Rev": "b19bf474d317b857955b12035d2c5acb57ce8b01"
		},
		{
			"ImportPath": "golang.org/x/text/unicode/bidi",
			"Rev": "b19bf474d317b857955b12035d2c5acb57ce8b01"
		},
		{
			"ImportPath": "golang.org/x/text/unicode/norm",
			"Rev": "b19bf474d317b857955b12035d2c5acb57ce8b01"
		},
		{
			"ImportPath": "golang.org/x/text/width",
			"Rev": "b19bf474d317b857955b12035d2c5acb57ce8b01"
		},
		{
			"ImportPath": "golang.org/x/time/rate",
			"Rev": "f51c12702a4d776e4c1fa9b0fabab841babae631"
		},
		{
			"ImportPath": "golang.org/x/tools/container/intsets",
			"Rev": "2382e3994d48b1d22acc2c86bcad0a2aff028e32"
		},
		{
			"ImportPath": "google.golang.org/api/cloudkms/v1",
			"Rev": "98825bb0065da4054e5da6db34f5fc598e50bc24"
		},
		{
			"ImportPath": "google.golang.org/api/cloudmonitoring/v2beta2",
			"Rev": "98825bb0065da4054e5da6db34f5fc598e50bc24"
		},
		{
			"ImportPath": "google.golang.org/api/compute/v0.alpha",
			"Rev": "98825bb0065da4054e5da6db34f5fc598e50bc24"
		},
		{
			"ImportPath": "google.golang.org/api/compute/v0.beta",
			"Rev": "98825bb0065da4054e5da6db34f5fc598e50bc24"
		},
		{
			"ImportPath": "google.golang.org/api/compute/v1",
			"Rev": "98825bb0065da4054e5da6db34f5fc598e50bc24"
		},
		{
			"ImportPath": "google.golang.org/api/container/v1",
			"Rev": "98825bb0065da4054e5da6db34f5fc598e50bc24"
		},
		{
			"ImportPath": "google.golang.org/api/dns/v1",
			"Rev": "98825bb0065da4054e5da6db34f5fc598e50bc24"
		},
		{
			"ImportPath": "google.golang.org/api/gensupport",
			"Rev": "98825bb0065da4054e5da6db34f5fc598e50bc24"
		},
		{
			"ImportPath": "google.golang.org/api/googleapi",
			"Rev": "98825bb0065da4054e5da6db34f5fc598e50bc24"
		},
		{
			"ImportPath": "google.golang.org/api/googleapi/internal/uritemplates",
			"Rev": "98825bb0065da4054e5da6db34f5fc598e50bc24"
		},
		{
			"ImportPath": "google.golang.org/api/logging/v2beta1",
			"Rev": "98825bb0065da4054e5da6db34f5fc598e50bc24"
		},
		{
			"ImportPath": "google.golang.org/api/monitoring/v3",
			"Rev": "98825bb0065da4054e5da6db34f5fc598e50bc24"
		},
		{
			"ImportPath": "google.golang.org/api/pubsub/v1",
			"Rev": "98825bb0065da4054e5da6db34f5fc598e50bc24"
		},
		{
			"ImportPath": "google.golang.org/genproto/googleapis/rpc/status",
			"Rev": "09f6ed296fc66555a25fe4ce95173148778dfa85"
		},
		{
			"ImportPath": "google.golang.org/grpc",
			"Comment": "v1.3.0",
			"Rev": "d2e1b51f33ff8c5e4a15560ff049d200e83726c5"
		},
		{
			"ImportPath": "google.golang.org/grpc/codes",
			"Comment": "v1.3.0",
			"Rev": "d2e1b51f33ff8c5e4a15560ff049d200e83726c5"
		},
		{
			"ImportPath": "google.golang.org/grpc/credentials",
			"Comment": "v1.3.0",
			"Rev": "d2e1b51f33ff8c5e4a15560ff049d200e83726c5"
		},
		{
			"ImportPath": "google.golang.org/grpc/grpclb/grpc_lb_v1",
			"Comment": "v1.3.0",
			"Rev": "d2e1b51f33ff8c5e4a15560ff049d200e83726c5"
		},
		{
			"ImportPath": "google.golang.org/grpc/grpclog",
			"Comment": "v1.3.0",
			"Rev": "d2e1b51f33ff8c5e4a15560ff049d200e83726c5"
		},
		{
			"ImportPath": "google.golang.org/grpc/internal",
			"Comment": "v1.3.0",
			"Rev": "d2e1b51f33ff8c5e4a15560ff049d200e83726c5"
		},
		{
			"ImportPath": "google.golang.org/grpc/keepalive",
			"Comment": "v1.3.0",
			"Rev": "d2e1b51f33ff8c5e4a15560ff049d200e83726c5"
		},
		{
			"ImportPath": "google.golang.org/grpc/metadata",
			"Comment": "v1.3.0",
			"Rev": "d2e1b51f33ff8c5e4a15560ff049d200e83726c5"
		},
		{
			"ImportPath": "google.golang.org/grpc/naming",
			"Comment": "v1.3.0",
			"Rev": "d2e1b51f33ff8c5e4a15560ff049d200e83726c5"
		},
		{
			"ImportPath": "google.golang.org/grpc/peer",
			"Comment": "v1.3.0",
			"Rev": "d2e1b51f33ff8c5e4a15560ff049d200e83726c5"
		},
		{
			"ImportPath": "google.golang.org/grpc/stats",
			"Comment": "v1.3.0",
			"Rev": "d2e1b51f33ff8c5e4a15560ff049d200e83726c5"
		},
		{
			"ImportPath": "google.golang.org/grpc/status",
			"Comment": "v1.3.0",
			"Rev": "d2e1b51f33ff8c5e4a15560ff049d200e83726c5"
		},
		{
			"ImportPath": "google.golang.org/grpc/tap",
			"Comment": "v1.3.0",
			"Rev": "d2e1b51f33ff8c5e4a15560ff049d200e83726c5"
		},
		{
			"ImportPath": "google.golang.org/grpc/transport",
			"Comment": "v1.3.0",
			"Rev": "d2e1b51f33ff8c5e4a15560ff049d200e83726c5"
		},
		{
			"ImportPath": "gopkg.in/gcfg.v1",
			"Comment": "v1.2.0",
			"Rev": "27e4946190b4a327b539185f2b5b1f7c84730728"
		},
		{
			"ImportPath": "gopkg.in/gcfg.v1/scanner",
			"Comment": "v1.2.0",
			"Rev": "27e4946190b4a327b539185f2b5b1f7c84730728"
		},
		{
			"ImportPath": "gopkg.in/gcfg.v1/token",
			"Comment": "v1.2.0",
			"Rev": "27e4946190b4a327b539185f2b5b1f7c84730728"
		},
		{
			"ImportPath": "gopkg.in/gcfg.v1/types",
			"Comment": "v1.2.0",
			"Rev": "27e4946190b4a327b539185f2b5b1f7c84730728"
		},
		{
			"ImportPath": "gopkg.in/inf.v0",
			"Comment": "v0.9.0",
			"Rev": "3887ee99ecf07df5b447e9b00d9c0b2adaa9f3e4"
		},
		{
			"ImportPath": "gopkg.in/natefinch/lumberjack.v2",
			"Comment": "v1.0-16-g20b71e5",
			"Rev": "20b71e5b60d756d3d2f80def009790325acc2b23"
		},
		{
			"ImportPath": "gopkg.in/warnings.v0",
			"Comment": "v0.1.1",
			"Rev": "8a331561fe74dadba6edfc59f3be66c22c3b065d"
		},
		{
			"ImportPath": "gopkg.in/yaml.v2",
			"Rev": "53feefa2559fb8dfa8d81baad31be332c97d6c77"
		},
		{
			"ImportPath": "k8s.io/gengo/args",
			"Rev": "9e661e9308f078838e266cca1c673922088c0ea4"
		},
		{
			"ImportPath": "k8s.io/gengo/examples/deepcopy-gen/generators",
			"Rev": "9e661e9308f078838e266cca1c673922088c0ea4"
		},
		{
			"ImportPath": "k8s.io/gengo/examples/defaulter-gen/generators",
			"Rev": "9e661e9308f078838e266cca1c673922088c0ea4"
		},
		{
			"ImportPath": "k8s.io/gengo/examples/import-boss/generators",
			"Rev": "9e661e9308f078838e266cca1c673922088c0ea4"
		},
		{
			"ImportPath": "k8s.io/gengo/examples/set-gen/generators",
			"Rev": "9e661e9308f078838e266cca1c673922088c0ea4"
		},
		{
			"ImportPath": "k8s.io/gengo/examples/set-gen/sets",
			"Rev": "9e661e9308f078838e266cca1c673922088c0ea4"
		},
		{
			"ImportPath": "k8s.io/gengo/generator",
			"Rev": "9e661e9308f078838e266cca1c673922088c0ea4"
		},
		{
			"ImportPath": "k8s.io/gengo/namer",
			"Rev": "9e661e9308f078838e266cca1c673922088c0ea4"
		},
		{
			"ImportPath": "k8s.io/gengo/parser",
			"Rev": "9e661e9308f078838e266cca1c673922088c0ea4"
		},
		{
			"ImportPath": "k8s.io/gengo/types",
			"Rev": "9e661e9308f078838e266cca1c673922088c0ea4"
		},
		{
			"ImportPath": "k8s.io/heapster/metrics/api/v1/types",
			"Comment": "v1.2.0-beta.1",
			"Rev": "c2ac40f1adf8c42a79badddb2a2acd673cae3bcb"
		},
		{
			"ImportPath": "k8s.io/kube-openapi/pkg/aggregator",
			"Rev": "0c329704159e3b051aafac400b15baacf2a94a04"
		},
		{
			"ImportPath": "k8s.io/kube-openapi/pkg/builder",
			"Rev": "0c329704159e3b051aafac400b15baacf2a94a04"
		},
		{
			"ImportPath": "k8s.io/kube-openapi/pkg/common",
			"Rev": "0c329704159e3b051aafac400b15baacf2a94a04"
		},
		{
			"ImportPath": "k8s.io/kube-openapi/pkg/generators",
			"Rev": "0c329704159e3b051aafac400b15baacf2a94a04"
		},
		{
			"ImportPath": "k8s.io/kube-openapi/pkg/handler",
			"Rev": "0c329704159e3b051aafac400b15baacf2a94a04"
		},
		{
			"ImportPath": "k8s.io/kube-openapi/pkg/util",
			"Rev": "0c329704159e3b051aafac400b15baacf2a94a04"
		},
		{
			"ImportPath": "k8s.io/utils/exec",
			"Rev": "9fdc871a36f37980dd85f96d576b20d564cc0784"
		},
		{
			"ImportPath": "k8s.io/utils/exec/testing",
			"Rev": "9fdc871a36f37980dd85f96d576b20d564cc0784"
		},
		{
			"ImportPath": "vbom.ml/util/sortorder",
			"Rev": "db5cfe13f5cc80a4990d98e2e1b0707a4d1a5394"
		}
	]
}
