{
  "swaggerVersion": "1.2",
  "apiVersion": "authentication.k8s.io/v1",
  "basePath": "https://10.10.10.10:6443",
  "resourcePath": "/apis/authentication.k8s.io/v1",
  "info": {
   "title": "",
   "description": ""
  },
  "apis": [
   {
    "path": "/apis/authentication.k8s.io/v1/tokenreviews",
    "description": "API at /apis/authentication.k8s.io/v1",
    "operations": [
     {
      "type": "v1.TokenReview",
      "method": "POST",
      "summary": "create a TokenReview",
      "nickname": "createTokenReview",
      "parameters": [
       {
        "type": "string",
        "paramType": "query",
        "name": "pretty",
        "description": "If 'true', then the output is pretty printed.",
        "required": false,
        "allowMultiple": false
       },
       {
        "type": "v1.TokenReview",
        "paramType": "body",
        "name": "body",
        "description": "",
        "required": true,
        "allowMultiple": false
       }
      ],
      "responseMessages": [
       {
        "code": 200,
        "message": "OK",
        "responseModel": "v1.TokenReview"
       }
      ],
      "produces": [
       "application/json",
       "application/yaml",
       "application/vnd.kubernetes.protobuf"
      ],
      "consumes": [
       "*/*"
      ]
     }
    ]
   },
   {
    "path": "/apis/authentication.k8s.io/v1",
    "description": "API at /apis/authentication.k8s.io/v1",
    "operations": [
     {
      "type": "v1.APIResourceList",
      "method": "GET",
      "summary": "get available resources",
      "nickname": "getAPIResources",
      "parameters": [],
      "produces": [
       "application/json",
       "application/yaml",
       "application/vnd.kubernetes.protobuf"
      ],
      "consumes": [
       "application/json",
       "application/yaml",
       "application/vnd.kubernetes.protobuf"
      ]
     }
    ]
   }
  ],
  "models": {
   "v1.TokenReview": {
    "id": "v1.TokenReview",
    "description": "TokenReview attempts to authenticate a token to a known user. Note: TokenReview requests may be cached by the webhook token authenticator plugin in the kube-apiserver.",
    "required": [
     "spec"
    ],
    "properties": {
     "kind": {
      "type": "string",
      "description": "Kind is a string value representing the REST resource this object represents. Servers may infer this from the endpoint the client submits requests to. Cannot be updated. In CamelCase. More info: https://git.k8s.io/community/contributors/devel/api-conventions.md#types-kinds"
     },
     "apiVersion": {
      "type": "string",
      "description": "APIVersion defines the versioned schema of this representation of an object. Servers should convert recognized schemas to the latest internal value, and may reject unrecognized values. More info: https://git.k8s.io/community/contributors/devel/api-conventions.md#resources"
     },
     "metadata": {
      "$ref": "v1.ObjectMeta"
     },
     "spec": {
      "$ref": "v1.TokenReviewSpec",
      "description": "Spec holds information about the request being evaluated"
     },
     "status": {
      "$ref": "v1.TokenReviewStatus",
      "description": "Status is filled in by the server and indicates whether the request can be authenticated."
     }
    }
   },
   "v1.ObjectMeta": {
    "id": "v1.ObjectMeta",
    "description": "ObjectMeta is metadata that all persisted resources must have, which includes all objects users must create.",
    "properties": {
     "name": {
      "type": "string",
      "description": "Name must be unique within a namespace. Is required when creating resources, although some resources may allow a client to request the generation of an appropriate name automatically. Name is primarily intended for creation idempotence and configuration definition. Cannot be updated. More info: http://kubernetes.io/docs/user-guide/identifiers#names"
     },
     "generateName": {
      "type": "string",
      "description": "GenerateName is an optional prefix, used by the server, to generate a unique name ONLY IF the Name field has not been provided. If this field is used, the name returned to the client will be different than the name passed. This value will also be combined with a unique suffix. The provided value has the same validation rules as the Name field, and may be truncated by the length of the suffix required to make the value unique on the server.\n\nIf this field is specified and the generated name exists, the server will NOT return a 409 - instead, it will either return 201 Created or 500 with Reason ServerTimeout indicating a unique name could not be found in the time allotted, and the client should retry (optionally after the time indicated in the Retry-After header).\n\nApplied only if Name is not specified. More info: https://git.k8s.io/community/contributors/devel/api-conventions.md#idempotency"
     },
     "namespace": {
      "type": "string",
      "description": "Namespace defines the space within each name must be unique. An empty namespace is equivalent to the \"default\" namespace, but \"default\" is the canonical representation. Not all objects are required to be scoped to a namespace - the value of this field for those objects will be empty.\n\nMust be a DNS_LABEL. Cannot be updated. More info: http://kubernetes.io/docs/user-guide/namespaces"
     },
     "selfLink": {
      "type": "string",
      "description": "SelfLink is a URL representing this object. Populated by the system. Read-only."
     },
     "uid": {
      "type": "string",
      "description": "UID is the unique in time and space value for this object. It is typically generated by the server on successful creation of a resource and is not allowed to change on PUT operations.\n\nPopulated by the system. Read-only. More info: http://kubernetes.io/docs/user-guide/identifiers#uids"
     },
     "resourceVersion": {
      "type": "string",
      "description": "An opaque value that represents the internal version of this object that can be used by clients to determine when objects have changed. May be used for optimistic concurrency, change detection, and the watch operation on a resource or set of resources. Clients must treat these values as opaque and passed unmodified back to the server. They may only be valid for a particular resource or set of resources.\n\nPopulated by the system. Read-only. Value must be treated as opaque by clients and . More info: https://git.k8s.io/community/contributors/devel/api-conventions.md#concurrency-control-and-consistency"
     },
     "generation": {
      "type": "integer",
      "format": "int64",
      "description": "A sequence number representing a specific generation of the desired state. Populated by the system. Read-only."
     },
     "creationTimestamp": {
      "type": "string",
      "description": "CreationTimestamp is a timestamp representing the server time when this object was created. It is not guaranteed to be set in happens-before order across separate operations. Clients may not set this value. It is represented in RFC3339 form and is in UTC.\n\nPopulated by the system. Read-only. Null for lists. More info: https://git.k8s.io/community/contributors/devel/api-conventions.md#metadata"
     },
     "deletionTimestamp": {
      "type": "string",
      "description": "DeletionTimestamp is RFC 3339 date and time at which this resource will be deleted. This field is set by the server when a graceful deletion is requested by the user, and is not directly settable by a client. The resource is expected to be deleted (no longer visible from resource lists, and not reachable by name) after the time in this field. Once set, this value may not be unset or be set further into the future, although it may be shortened or the resource may be deleted prior to this time. For example, a user may request that a pod is deleted in 30 seconds. The Kubelet will react by sending a graceful termination signal to the containers in the pod. After that 30 seconds, the Kubelet will send a hard termination signal (SIGKILL) to the container and after cleanup, remove the pod from the API. In the presence of network partitions, this object may still exist after this timestamp, until an administrator or automated process can determine the resource is fully terminated. If not set, graceful deletion of the object has not been requested.\n\nPopulated by the system when a graceful deletion is requested. Read-only. More info: https://git.k8s.io/community/contributors/devel/api-conventions.md#metadata"
     },
     "deletionGracePeriodSeconds": {
      "type": "integer",
      "format": "int64",
      "description": "Number of seconds allowed for this object to gracefully terminate before it will be removed from the system. Only set when deletionTimestamp is also set. May only be shortened. Read-only."
     },
     "labels": {
      "type": "object",
      "description": "Map of string keys and values that can be used to organize and categorize (scope and select) objects. May match selectors of replication controllers and services. More info: http://kubernetes.io/docs/user-guide/labels"
     },
     "annotations": {
      "type": "object",
      "description": "Annotations is an unstructured key value map stored with a resource that may be set by external tools to store and retrieve arbitrary metadata. They are not queryable and should be preserved when modifying objects. More info: http://kubernetes.io/docs/user-guide/annotations"
     },
     "ownerReferences": {
      "type": "array",
      "items": {
       "$ref": "v1.OwnerReference"
      },
      "description": "List of objects depended by this object. If ALL objects in the list have been deleted, this object will be garbage collected. If this object is managed by a controller, then an entry in this list will point to this controller, with the controller field set to true. There cannot be more than one managing controller."
     },
     "initializers": {
      "$ref": "v1.Initializers",
      "description": "An initializer is a controller which enforces some system invariant at object creation time. This field is a list of initializers that have not yet acted on this object. If nil or empty, this object has been completely initialized. Otherwise, the object is considered uninitialized and is hidden (in list/watch and get calls) from clients that haven't explicitly asked to observe uninitialized objects.\n\nWhen an object is created, the system will populate this list with the current set of initializers. Only privileged users may set or modify this list. Once it is empty, it may not be modified further by any user."
     },
     "finalizers": {
      "type": "array",
      "items": {
       "type": "string"
      },
      "description": "Must be empty before the object is deleted from the registry. Each entry is an identifier for the responsible component that will remove the entry from the list. If the deletionTimestamp of the object is non-nil, entries in this list can only be removed."
     },
     "clusterName": {
      "type": "string",
      "description": "The name of the cluster which the object belongs to. This is used to distinguish resources with same name and namespace in different clusters. This field is not set anywhere right now and apiserver is going to ignore it if set in create or update request."
     }
    }
   },
   "v1.OwnerReference": {
    "id": "v1.OwnerReference",
    "description": "OwnerReference contains enough information to let you identify an owning object. Currently, an owning object must be in the same namespace, so there is no namespace field.",
    "required": [
     "apiVersion",
     "kind",
     "name",
     "uid"
    ],
    "properties": {
     "apiVersion": {
      "type": "string",
      "description": "API version of the referent."
     },
     "kind": {
      "type": "string",
      "description": "Kind of the referent. More info: https://git.k8s.io/community/contributors/devel/api-conventions.md#types-kinds"
     },
     "name": {
      "type": "string",
      "description": "Name of the referent. More info: http://kubernetes.io/docs/user-guide/identifiers#names"
     },
     "uid": {
      "type": "string",
      "description": "UID of the referent. More info: http://kubernetes.io/docs/user-guide/identifiers#uids"
     },
     "controller": {
      "type": "boolean",
      "description": "If true, this reference points to the managing controller."
     },
     "blockOwnerDeletion": {
      "type": "boolean",
      "description": "If true, AND if the owner has the \"foregroundDeletion\" finalizer, then the owner cannot be deleted from the key-value store until this reference is removed. Defaults to false. To set this field, a user needs \"delete\" permission of the owner, otherwise 422 (Unprocessable Entity) will be returned."
     }
    }
   },
   "v1.Initializers": {
    "id": "v1.Initializers",
    "description": "Initializers tracks the progress of initialization.",
    "required": [
     "pending"
    ],
    "properties": {
     "pending": {
      "type": "array",
      "items": {
       "$ref": "v1.Initializer"
      },
      "description": "Pending is a list of initializers that must execute in order before this object is visible. When the last pending initializer is removed, and no failing result is set, the initializers struct will be set to nil and the object is considered as initialized and visible to all clients."
     },
     "result": {
      "$ref": "v1.Status",
      "description": "If result is set with the Failure field, the object will be persisted to storage and then deleted, ensuring that other clients can observe the deletion."
     }
    }
   },
   "v1.Initializer": {
    "id": "v1.Initializer",
    "description": "Initializer is information about an initializer that has not yet completed.",
    "required": [
     "name"
    ],
    "properties": {
     "name": {
      "type": "string",
      "description": "name of the process that is responsible for initializing this object."
     }
    }
   },
   "v1.Status": {
    "id": "v1.Status",
    "description": "Status is a return value for calls that don't return other objects.",
    "properties": {
     "kind": {
      "type": "string",
      "description": "Kind is a string value representing the REST resource this object represents. Servers may infer this from the endpoint the client submits requests to. Cannot be updated. In CamelCase. More info: https://git.k8s.io/community/contributors/devel/api-conventions.md#types-kinds"
     },
     "apiVersion": {
      "type": "string",
      "description": "APIVersion defines the versioned schema of this representation of an object. Servers should convert recognized schemas to the latest internal value, and may reject unrecognized values. More info: https://git.k8s.io/community/contributors/devel/api-conventions.md#resources"
     },
     "metadata": {
      "$ref": "v1.ListMeta",
      "description": "Standard list metadata. More info: https://git.k8s.io/community/contributors/devel/api-conventions.md#types-kinds"
     },
     "status": {
      "type": "string",
      "description": "Status of the operation. One of: \"Success\" or \"Failure\". More info: https://git.k8s.io/community/contributors/devel/api-conventions.md#spec-and-status"
     },
     "message": {
      "type": "string",
      "description": "A human-readable description of the status of this operation."
     },
     "reason": {
      "type": "string",
      "description": "A machine-readable description of why this operation is in the \"Failure\" status. If this value is empty there is no information available. A Reason clarifies an HTTP status code but does not override it."
     },
     "details": {
      "$ref": "v1.StatusDetails",
      "description": "Extended data associated with the reason.  Each reason may define its own extended details. This field is optional and the data returned is not guaranteed to conform to any schema except that defined by the reason type."
     },
     "code": {
      "type": "integer",
      "format": "int32",
      "description": "Suggested HTTP return code for this status, 0 if not set."
     }
    }
   },
   "v1.ListMeta": {
    "id": "v1.ListMeta",
    "description": "ListMeta describes metadata that synthetic resources must have, including lists and various status objects. A resource may have only one of {ObjectMeta, ListMeta}.",
    "properties": {
     "selfLink": {
      "type": "string",
      "description": "selfLink is a URL representing this object. Populated by the system. Read-only."
     },
     "resourceVersion": {
      "type": "string",
      "description": "String that identifies the server's internal version of this object that can be used by clients to determine when objects have changed. Value must be treated as opaque by clients and passed unmodified back to the server. Populated by the system. Read-only. More info: https://git.k8s.io/community/contributors/devel/api-conventions.md#concurrency-control-and-consistency"
     },
     "continue": {
      "type": "string",
      "description": "continue may be set if the user set a limit on the number of items returned, and indicates that the server has more data available. The value is opaque and may be used to issue another request to the endpoint that served this list to retrieve the next set of available objects. Continuing a list may not be possible if the server configuration has changed or more than a few minutes have passed. The resourceVersion field returned when using this continue value will be identical to the value in the first response."
     }
    }
   },
   "v1.StatusDetails": {
    "id": "v1.StatusDetails",
    "description": "StatusDetails is a set of additional properties that MAY be set by the server to provide additional information about a response. The Reason field of a Status object defines what attributes will be set. Clients must ignore fields that do not match the defined type of each attribute, and should assume that any attribute may be empty, invalid, or under defined.",
    "properties": {
     "name": {
      "type": "string",
      "description": "The name attribute of the resource associated with the status StatusReason (when there is a single name which can be described)."
     },
     "group": {
      "type": "string",
      "description": "The group attribute of the resource associated with the status StatusReason."
     },
     "kind": {
      "type": "string",
      "description": "The kind attribute of the resource associated with the status StatusReason. On some operations may differ from the requested resource Kind. More info: https://git.k8s.io/community/contributors/devel/api-conventions.md#types-kinds"
     },
     "uid": {
      "type": "string",
      "description": "UID of the resource. (when there is a single resource which can be described). More info: http://kubernetes.io/docs/user-guide/identifiers#uids"
     },
     "causes": {
      "type": "array",
      "items": {
       "$ref": "v1.StatusCause"
      },
      "description": "The Causes array includes more details associated with the StatusReason failure. Not all StatusReasons may provide detailed causes."
     },
     "retryAfterSeconds": {
      "type": "integer",
      "format": "int32",
      "description": "If specified, the time in seconds before the operation should be retried. Some errors may indicate the client must take an alternate action - for those errors this field may indicate how long to wait before taking the alternate action."
     }
    }
   },
   "v1.StatusCause": {
    "id": "v1.StatusCause",
    "description": "StatusCause provides more information about an api.Status failure, including cases when multiple errors are encountered.",
    "properties": {
     "reason": {
      "type": "string",
      "description": "A machine-readable description of the cause of the error. If this value is empty there is no information available."
     },
     "message": {
      "type": "string",
      "description": "A human-readable description of the cause of the error.  This field may be presented as-is to a reader."
     },
     "field": {
      "type": "string",
      "description": "The field of the resource that has caused this error, as named by its JSON serialization. May include dot and postfix notation for nested attributes. Arrays are zero-indexed.  Fields may appear more than once in an array of causes due to fields having multiple errors. Optional.\n\nExamples:\n  \"name\" - the field \"name\" on the current resource\n  \"items[0].name\" - the field \"name\" on the first array entry in \"items\""
     }
    }
   },
   "v1.TokenReviewSpec": {
    "id": "v1.TokenReviewSpec",
    "description": "TokenReviewSpec is a description of the token authentication request.",
    "properties": {
     "token": {
      "type": "string",
      "description": "Token is the opaque bearer token."
     }
    }
   },
   "v1.TokenReviewStatus": {
    "id": "v1.TokenReviewStatus",
    "description": "TokenReviewStatus is the result of the token authentication request.",
    "properties": {
     "authenticated": {
      "type": "boolean",
      "description": "Authenticated indicates that the token was associated with a known user."
     },
     "user": {
      "$ref": "v1.UserInfo",
      "description": "User is the UserInfo associated with the provided token."
     },
     "error": {
      "type": "string",
      "description": "Error indicates that the token couldn't be checked"
     }
    }
   },
   "v1.UserInfo": {
    "id": "v1.UserInfo",
    "description": "UserInfo holds the information about the user needed to implement the user.Info interface.",
    "properties": {
     "username": {
      "type": "string",
      "description": "The name that uniquely identifies this user among all active users."
     },
     "uid": {
      "type": "string",
      "description": "A unique value that identifies this user across time. If this user is deleted and another user by the same name is added, they will have different UIDs."
     },
     "groups": {
      "type": "array",
      "items": {
       "type": "string"
      },
      "description": "The names of groups this user is a part of."
     },
     "extra": {
      "type": "object",
      "description": "Any additional information provided by the authenticator."
     }
    }
   },
   "v1.APIResourceList": {
    "id": "v1.APIResourceList",
    "description": "APIResourceList is a list of APIResource, it is used to expose the name of the resources supported in a specific group and version, and if the resource is namespaced.",
    "required": [
     "groupVersion",
     "resources"
    ],
    "properties": {
     "kind": {
      "type": "string",
      "description": "Kind is a string value representing the REST resource this object represents. Servers may infer this from the endpoint the client submits requests to. Cannot be updated. In CamelCase. More info: https://git.k8s.io/community/contributors/devel/api-conventions.md#types-kinds"
     },
     "apiVersion": {
      "type": "string",
      "description": "APIVersion defines the versioned schema of this representation of an object. Servers should convert recognized schemas to the latest internal value, and may reject unrecognized values. More info: https://git.k8s.io/community/contributors/devel/api-conventions.md#resources"
     },
     "groupVersion": {
      "type": "string",
      "description": "groupVersion is the group and version this APIResourceList is for."
     },
     "resources": {
      "type": "array",
      "items": {
       "$ref": "v1.APIResource"
      },
      "description": "resources contains the name of the resources and if they are namespaced."
     }
    }
   },
   "v1.APIResource": {
    "id": "v1.APIResource",
    "description": "APIResource specifies the name of a resource and whether it is namespaced.",
    "required": [
     "name",
     "singularName",
     "namespaced",
     "kind",
     "verbs"
    ],
    "properties": {
     "name": {
      "type": "string",
      "description": "name is the plural name of the resource."
     },
     "singularName": {
      "type": "string",
      "description": "singularName is the singular name of the resource.  This allows clients to handle plural and singular opaquely. The singularName is more correct for reporting status on a single item and both singular and plural are allowed from the kubectl CLI interface."
     },
     "namespaced": {
      "type": "boolean",
      "description": "namespaced indicates if a resource is namespaced or not."
     },
     "group": {
      "type": "string",
      "description": "group is the preferred group of the resource.  Empty implies the group of the containing resource list. For subresources, this may have a different value, for example: Scale\"."
     },
     "version": {
      "type": "string",
      "description": "version is the preferred version of the resource.  Empty implies the version of the containing resource list For subresources, this may have a different value, for example: v1 (while inside a v1beta1 version of the core resource's group)\"."
     },
     "kind": {
      "type": "string",
      "description": "kind is the kind for the resource (e.g. 'Foo' is the kind for a resource 'foo')"
     },
     "verbs": {
      "type": "array",
      "items": {
       "type": "string"
      },
      "description": "verbs is a list of supported kube verbs (this includes get, list, watch, create, update, patch, delete, deletecollection, and proxy)"
     },
     "shortNames": {
      "type": "array",
      "items": {
       "type": "string"
      },
      "description": "shortNames is a list of suggested short names of the resource."
     },
     "categories": {
      "type": "array",
      "items": {
       "type": "string"
      },
      "description": "categories is a list of the grouped resources this resource belongs to (e.g. 'all')"
     }
    }
   }
  }
 }
